category,subcategory,ID,Description,GeneRatio,BgRatio,RichFactor,FoldEnrichment,zScore,pvalue,p.adjust,qvalue,geneID,Count,CellType,Direction
Cellular Processes,Cellular community - eukaryotes,hsa04510,Focal adhesion,14/159,203/9396,0.0689655172413793,4.07547169811321,5.81182603708267,8.250838449002e-6,0.00216171967363852,0.00190203538982257,857/1956/8395/1286/5602/1285/824/7414/2013/3725/2909/1287/55742/87,14,AT1,Down
Human Diseases,Endocrine and metabolic disease,hsa04933,AGE-RAGE signaling pathway in diabetic complications,9/159,101/9396,0.0891089108910891,5.26583224360172,5.65485202606992,5.01527159805747e-5,0.00657000579345528,0.00578076042091887,7048/1286/5602/1285/5581/3725/1287/51196/3717,9,AT1,Down
Human Diseases,Infectious disease: bacterial,hsa05135,Yersinia infection,6/53,138/9396,0.0434782608695652,7.70795734208367,5.97880514677772,1.1720037503883e-4,0.0175800562558257,0.0159145772421159,4775/3937/6196/2185/9138/2533,6,CD4+ T cells,Down
Human Diseases,Cardiovascular disease,hsa05416,Viral myocarditis,4/53,70/9396,0.0571428571428571,10.1304582210243,5.77480123419025,6.282231444934e-4,0.0471167358370052,0.0426530450734994,3683/6645/841/8672,4,CD4+ T cells,Down
Organismal Systems,Immune system,hsa04611,Platelet activation,3/9,126/9396,0.0238095238095238,24.8571428571429,8.34776230882377,1.8647063908284e-4,0.00857764939781096,0.00706625579682367,6850/6916/54518,3,Dendritic cells,Down
Human Diseases,Cancer: overview,hsa05203,Viral carcinogenesis,3/9,205/9396,0.0146341463414634,15.2780487804878,6.3998625518849,7.8020039858062e-4,0.0179446091673544,0.0147827443941592,896/6850/2934,3,Dendritic cells,Down
Organismal Systems,Immune system,hsa04666,Fc gamma R-mediated phagocytosis,2/9,99/9396,0.0202020202020202,21.0909090909091,6.22231521765716,0.00377028571990489,0.0460664572238092,0.0379494842118337,6850/2934,2,Dendritic cells,Down
Environmental Information Processing,Signal transduction,hsa04151,PI3K-Akt signaling pathway,3/9,362/9396,0.00828729281767956,8.65193370165746,4.59718180005293,0.00400577888902688,0.0460664572238092,0.0379494842118337,896/6850/3676,3,Dendritic cells,Down
Cellular Processes,Cellular community - eukaryotes,hsa04520,Adherens junction,6/55,93/9396,0.0645161290322581,11.0217008797654,7.45254231881729,1.56802527231936e-5,0.00313605054463871,0.00245932384816404,5787/7048/1387/1956/3480/10163,6,Endothelial cells,Down
Human Diseases,Cancer: overview,hsa05202,Transcriptional misregulation in cancer,7/55,201/9396,0.0348258706467662,5.94952510176391,5.4427544805295,1.5696714710108e-4,0.0156967147101087,0.0123095289042431,7704/4211/7048/862/598/5218/3480,7,Endothelial cells,Down
Environmental Information Processing,Signal transduction,hsa04630,JAK-STAT signaling pathway,6/55,168/9396,0.0357142857142857,6.1012987012987,5.11934800047362,4.194667855889e-4,0.0279644523725934,0.0219300179132443,3977/3459/1387/598/1956/896,6,Endothelial cells,Down
Organismal Systems,Immune system,hsa04062,Chemokine signaling pathway,6/55,193/9396,0.0310880829015544,5.31097503532737,4.64325464964002,8.7242992305015e-4,0.0316640558008556,0.0248312858648815,408/57580/2309/10451/5332/2776,6,Endothelial cells,Down
Organismal Systems,Endocrine system,hsa04926,Relaxin signaling pathway,5/55,130/9396,0.0384615384615385,6.57062937062937,4.90752865086486,9.3827974226929e-4,0.0316640558008556,0.0248312858648815,408/7048/5332/59350/1956,5,Endothelial cells,Down
Environmental Information Processing,Signal transduction,hsa04068,FoxO signaling pathway,5/55,133/9396,0.037593984962406,6.42241968557758,4.83254790127728,0.00103964582866521,0.0316640558008556,0.0248312858648815,2309/7048/1387/1956/3480,5,Endothelial cells,Down
Human Diseases,Drug resistance: antineoplastic,hsa01521,EGFR tyrosine kinase inhibitor resistance,4/55,80/9396,0.05,8.54181818181818,5.19803695449119,0.00119528445267847,0.0316640558008556,0.0248312858648815,2309/598/1956/3480,4,Endothelial cells,Down
Organismal Systems,Endocrine system,hsa04915,Estrogen signaling pathway,5/55,139/9396,0.0359712230215827,6.14519293655984,4.68928883689134,0.00126656223203422,0.0316640558008556,0.0248312858648815,2289/5332/8202/1956/2776,5,Endothelial cells,Down
Environmental Information Processing,Signal transduction,hsa04151,PI3K-Akt signaling pathway,14/95,362/9396,0.0386740331491713,3.82506542599593,5.53972396321432,1.47745540119727e-5,0.00333904920670583,0.00270607620850869,3912/8516/3915/4254/5295/1946/3910/3563/2309/284/2690/1956/5586/5516,14,Fibroblasts,Down
Cellular Processes,Cellular community - eukaryotes,hsa04510,Focal adhesion,10/95,203/9396,0.0492610837438424,4.87218045112782,5.63664066698971,3.63061286586621e-5,0.00410259253842881,0.00332487704558274,3912/8516/3915/5295/3910/5602/83660/5500/1956/1793,10,Fibroblasts,Down
Organismal Systems,Nervous system,hsa04722,Neurotrophin signaling pathway,7/95,120/9396,0.0583333333333333,5.76947368421053,5.31405546006861,2.0300413773493e-4,0.0127052916811926,0.0102967897183396,5295/2549/5602/2309/6272/5607/10818,7,Fibroblasts,Down
Environmental Information Processing,Signal transduction,hsa04152,AMPK signaling pathway,7/95,122/9396,0.0573770491803279,5.6748921484038,5.2524670688775,2.2487241913615e-4,0.0127052916811926,0.0102967897183396,29904/5295/2309/51422/148/32/5516,7,Fibroblasts,Down
Organismal Systems,Nervous system,hsa04728,Dopaminergic synapse,7/95,132/9396,0.053030303030303,5.24497607655502,4.96373185056596,3.6455072571381e-4,0.0164776928022643,0.0133540686893059,5602/4128/4129/5500/2890/2353/5516,7,Fibroblasts,Down
Human Diseases,Substance dependence,hsa05031,Amphetamine addiction,5/95,69/9396,0.072463768115942,7.16704805491991,5.19608518380363,6.4090987680692e-4,0.0241409386930607,0.0195646172920007,4128/4129/5500/2890/2353,5,Fibroblasts,Down
Human Diseases,Infectious disease: bacterial,hsa05100,Bacterial invasion of epithelial cells,5/95,78/9396,0.0641025641025641,6.34008097165992,4.78607128973539,0.0011209579343666,0.0361909275952644,0.029330327906735,5295/2549/55752/26084/1793,5,Fibroblasts,Down
Human Diseases,Infectious disease: bacterial,hsa05135,Yersinia infection,10/100,138/9396,0.072463768115942,6.80869565217391,7.12951376414282,1.89434460186093e-6,4.5653704904848e-4,3.4098202833496e-4,2533/9844/2776/7456/5295/6196/6093/10163/3937/3606,10,Macrophages,Down
Organismal Systems,Immune system,hsa04611,Platelet activation,9/100,126/9396,0.0714285714285714,6.71142857142857,6.69407370667137,7.16930842978459e-6,8.6390166578904e-4,6.4523775868061e-4,6916/5567/54518/2776/5295/3709/6850/6093/3937,9,Macrophages,Down
Human Diseases,Cancer: overview,hsa05205,Proteoglycans in cancer,9/100,204/9396,0.0441176470588235,4.14529411764706,4.71055060012189,3.1005450215121e-4,0.0249077116728143,0.0186032701290729,5567/5295/3709/4193/3059/6093/3693/2549/10818,9,Macrophages,Down
Organismal Systems,Development and regeneration,hsa04380,Osteoclast differentiation,7/100,143/9396,0.048951048951049,4.59944055944056,4.49844151418147,8.0373922196238e-4,0.0317220129101106,0.0236927897253938,1436/7048/5295/3709/6850/3937/3716,7,Macrophages,Down
Human Diseases,Cancer: specific types,hsa05218,Melanoma,5/100,73/9396,0.0684931506849315,6.43561643835616,4.83540356119495,0.00104638960199906,0.0317220129101106,0.0236927897253938,56034/1021/5295/5728/4193,5,Macrophages,Down
Organismal Systems,Endocrine system,hsa04921,Oxytocin signaling pathway,7/100,155/9396,0.0451612903225806,4.2433548387096804,4.22280632956892,0.00128890563260497,0.0317220129101106,0.0236927897253938,5567/2776/3709/7226/51422/6093/4208,7,Macrophages,Down
Human Diseases,Cancer: overview,hsa05202,Transcriptional misregulation in cancer,8/100,201/9396,0.0398009950248756,3.73970149253731,4.07216852634171,0.00131944996399637,0.0317220129101106,0.0236927897253938,7704/55589/1436/2313/7048/4193/4208/5090,8,Macrophages,Down
Cellular Processes,Cell growth and death,hsa04218,Cellular senescence,7/100,157/9396,0.0445859872611465,4.18929936305732,4.17958309063101,0.00138829209100786,0.0317220129101106,0.0236927897253938,896/1021/7048/5295/3709/5728/4193,7,Macrophages,Down
Human Diseases,Infectious disease: bacterial,hsa05100,Bacterial invasion of epithelial cells,5/100,78/9396,0.0641025641025641,6.02307692307692,4.62015038462843,0.00141046145979239,0.0317220129101106,0.0236927897253938,9844/5295/3059/10163/2549,5,Macrophages,Down
Human Diseases,Cancer: overview,hsa05203,Viral carcinogenesis,8/100,205/9396,0.0390243902439024,3.66673170731707,4.00382610512073,0.00149614071748364,0.0317220129101106,0.0236927897253938,896/1021/9734/5567/5295/6850/4193/3716,8,Macrophages,Down
Environmental Information Processing,Signal transduction,hsa04151,PI3K-Akt signaling pathway,11/100,362/9396,0.0303867403314917,2.85513812154696,3.7332822612611,0.0015620770868484,0.0317220129101106,0.0236927897253938,56034/896/1021/1436/5295/6850/5728/4193/23678/3716/3693,11,Macrophages,Down
Human Diseases,Drug resistance: antineoplastic,hsa01521,EGFR tyrosine kinase inhibitor resistance,5/100,80/9396,0.0625,5.8725,4.5392325849182,0.00157951931502625,0.0317220129101106,0.0236927897253938,56034/5295/5728/3716/2549,5,Macrophages,Down
Cellular Processes,Transport and catabolism,hsa04140,Autophagy - animal,7/100,169/9396,0.0414201183431953,3.89183431952663,3.93447539949675,0.00211706968045168,0.0392472148452965,0.0293132724985617,10533/83734/5567/5295/1612/5728/8417,7,Macrophages,Down
Organismal Systems,Excretory system,hsa04961,Endocrine and other factor-regulated calcium reabsorption,4/100,53/9396,0.0754716981132075,7.09132075471698,4.61218335485211,0.00237214414485536,0.0408347670650101,0.0304989961481403,6546/5567/2776/161,4,Macrophages,Down
Human Diseases,Infectious disease: viral,hsa05163,Human cytomegalovirus infection,8/100,226/9396,0.0353982300884956,3.32601769911504,3.67098746423737,0.00275597476311751,0.0434978080958062,0.0324879894491499,1021/5567/2776/5295/3709/4193/6093/3716,8,Macrophages,Down
Environmental Information Processing,Signal transduction,hsa04068,FoxO signaling pathway,6/100,133/9396,0.0451127819548872,4.2387969924812,3.90152191291468,0.00288782128436888,0.0434978080958062,0.0324879894491499,7048/5295/5728/4193/51422/23678,6,Macrophages,Down
Human Diseases,Immune disease,hsa05310,Asthma,1/3,32/9396,0.03125,97.875,9.80986115466965,0.010183436884011,0.0391050580762319,NA,2206,1,Mast cells,Down
Genetic Information Processing,Replication and repair,hsa03440,Homologous recombination,1/3,41/9396,0.024390243902439,76.390243902439,8.64553830244875,0.013035019358744,0.0391050580762319,NA,5890,1,Mast cells,Down
Organismal Systems,Immune system,hsa04664,Fc epsilon RI signaling pathway,1/3,69/9396,0.0144927536231884,45.3913043478261,6.61391061815934,0.0218715749450862,0.0417565063240651,NA,2206,1,Mast cells,Down
Organismal Systems,Immune system,hsa04610,Complement and coagulation cascades,1/3,88/9396,0.0113636363636364,35.5909090909091,5.82615431096354,0.0278376708827101,0.0417565063240651,NA,2,1,Mast cells,Down
Environmental Information Processing,Signal transduction,hsa04071,Sphingolipid signaling pathway,1/3,122/9396,0.00819672131147541,25.672131147541,4.90184859453507,0.0384532021646409,0.046143842597569,NA,2206,1,Mast cells,Down
Environmental Information Processing,Signal transduction,hsa04072,Phospholipase D signaling pathway,1/3,149/9396,0.00671140939597315,21.0201342281879,4.40216735361678,0.0468279173976851,0.0468279173976851,NA,2206,1,Mast cells,Down
Organismal Systems,Immune system,hsa04611,Platelet activation,4/13,126/9396,0.0317460317460317,22.9450549450549,9.23062883445635,2.00745562435265e-5,0.00198738106810913,0.00169048894682329,6916/23533/3937/23236,4,NK cells,Down
Environmental Information Processing,Signal transduction,hsa04015,Rap1 signaling pathway,4/13,212/9396,0.0188679245283019,13.6371552975327,6.92708514263785,1.5350171650789e-4,0.00759833496714092,0.00646323016875357,8631/2533/3937/23236,4,NK cells,Down
Human Diseases,Infectious disease: bacterial,hsa05135,Yersinia infection,3/13,138/9396,0.0217391304347826,15.7123745819398,6.48056601310221,7.9594668035791e-4,0.0220221384027948,0.0187322814696819,2533/3937/4775,3,NK cells,Down
Organismal Systems,Endocrine system,hsa04921,Oxytocin signaling pathway,3/13,155/9396,0.0193548387096774,13.9890818858561,6.06923605120256,0.00111523395166264,0.0220221384027948,0.0187322814696819,23533/4775/23236,3,NK cells,Down
Cellular Processes,Cell growth and death,hsa04218,Cellular senescence,3/13,157/9396,0.0191082802547771,13.8108770210681,6.0251160324971504,0.00115739348126945,0.0220221384027948,0.0187322814696819,896/28996/4775,3,NK cells,Down
Environmental Information Processing,Signal transduction,hsa04022,cGMP-PKG signaling pathway,3/13,166/9396,0.0180722891566265,13.0620945319741,5.83613234125886,0.00135963939880309,0.0220221384027948,0.0187322814696819,23533/4775/23236,3,NK cells,Down
Environmental Information Processing,Signal transduction,hsa04310,Wnt signaling pathway,3/13,174/9396,0.0172413793103448,12.4615384615385,5.68007658670731,0.00155712089716731,0.0220221384027948,0.0187322814696819,896/4775/23236,3,NK cells,Down
Organismal Systems,Immune system,hsa04062,Chemokine signaling pathway,3/13,193/9396,0.0155440414507772,11.2347548824233,5.34737448729205,0.00209634730183039,0.0240995924878092,0.020499387549439,57580/23533/23236,3,NK cells,Down
Human Diseases,Infectious disease: viral,hsa05167,Kaposi sarcoma-associated herpesvirus infection,3/13,196/9396,0.0153061224489796,11.0627943485086,5.29909773268,0.00219087204434629,0.0240995924878092,0.020499387549439,57580/23533/4775,3,NK cells,Down
Cellular Processes,Cell motility,hsa04820,Cytoskeleton in muscle cells,2/4,232/9396,0.00862068965517241,20.25,6.12676936253398,0.0035247741617116,0.0140990966468464,0.00742057718255074,25802/171024,2,Smooth muscle,Down
Human Diseases,Cancer: overview,hsa05205,Proteoglycans in cancer,10/57,204/9396,0.0490196078431373,8.08049535603715,7.98747203214107,3.31421276372116e-7,5.3664246605826e-5,4.02267877268553e-5,5747/7422/5336/9475/3339/7430/23365/1499/3673/6774,10,AT1,Up
Human Diseases,Infectious disease: viral,hsa05165,Human papillomavirus infection,12/57,333/9396,0.036036036036036,5.9402560455192,7.17085956653334,5.42063097028546e-7,5.3664246605826e-5,4.02267877268553e-5,56288/1282/9223/5747/7422/1284/3909/5520/5590/1499/2778/3673,12,AT1,Up
Human Diseases,Endocrine and metabolic disease,hsa04933,AGE-RAGE signaling pathway in diabetic complications,7/57,101/9396,0.0693069306930693,11.4247003647733,8.22877529614411,2.2894340623984e-6,1.5110264811829e-4,1.1326673782392e-4,1282/7422/5336/1729/1284/5590/6774,7,AT1,Up
Cellular Processes,Cellular community - eukaryotes,hsa04510,Focal adhesion,9/57,203/9396,0.0443349753694581,7.30827067669173,7.09847964152535,3.14902813944996e-6,1.5587689290277e-4,1.168455178059e-4,1282/5747/7422/1729/1284/9475/3909/1499/3673,9,AT1,Up
Human Diseases,Cancer: specific types,hsa05222,Small cell lung cancer,6/57,93/9396,0.0645161290322581,10.634974533107,7.29484665853639,1.93187184736058e-5,7.6502125155478e-4,5.7346090626914e-4,1282/5747/4792/1284/3909/3673,6,AT1,Up
Human Diseases,Infectious disease: viral,hsa05163,Human cytomegalovirus infection,8/57,226/9396,0.0353982300884956,5.83511877037727,5.74794138446402,5.92191411058099e-5,0.0019108849744025,0.00143240181494287,5747/7422/4792/9475/23365/1499/2778/6774,8,AT1,Up
Organismal Systems,Immune system,hsa04670,Leukocyte transendothelial migration,6/57,116/9396,0.0517241379310345,8.52631578947368,6.37196050643404,6.75565394990784e-5,0.0019108849744025,0.00143240181494287,1495/5747/5336/9475/7430/1499,6,AT1,Up
Organismal Systems,Immune system,hsa04611,Platelet activation,6/57,126/9396,0.0476190476190476,7.84962406015037,6.04710867904607,1.0702877302852e-4,0.00264896213245599,0.001985665394345,5336/9475/5590/23365/2778/3673,6,AT1,Up
Organismal Systems,Endocrine system,hsa04926,Relaxin signaling pathway,6/57,130/9396,0.0461538461538462,7.6080971659919,5.9270362148343,1.2719811339674e-4,0.00279835849472848,0.00209765309812183,1282/7422/4792/1284/5590/2778,6,AT1,Up
Organismal Systems,Immune system,hsa04062,Chemokine signaling pathway,7/57,193/9396,0.0362694300518135,5.97872920643578,5.45969122173249,1.5342710780044e-4,0.00303785673444881,0.00227718128419608,56288/5747/5336/4792/9475/5590/6774,7,AT1,Up
Environmental Information Processing,Signaling molecules and interaction,hsa04512,ECM-receptor interaction,5/57,89/9396,0.0561797752808989,9.26079243051449,6.11712687785403,1.934501308501e-4,0.00348210235530189,0.00261018836840811,1282/1284/3909/3339/3673,5,AT1,Up
Environmental Information Processing,Signal transduction,hsa04151,PI3K-Akt signaling pathway,9/57,362/9396,0.0248618784530387,4.09828438499564,4.69646567688152,2.9602660298016e-4,0.00462490091282133,0.00346683162524087,1282/9223/5747/3164/7422/1284/3909/5520/3673,9,AT1,Up
Organismal Systems,Endocrine system,hsa04925,Aldosterone synthesis and secretion,5/57,98/9396,0.0510204081632653,8.41031149301826,5.7609003529313,3.0365511043776e-4,0.00462490091282133,0.00346683162524087,483/3164/3949/466/2778,5,AT1,Up
Human Diseases,Infectious disease: parasitic,hsa05146,Amoebiasis,5/57,103/9396,0.0485436893203883,8.00204394481349,5.58214493325518,3.8252367435306e-4,0.00540997768013622,0.00405532617171295,1282/5747/1284/3909/2778,5,AT1,Up
Cellular Processes,Cellular community - eukaryotes,hsa04530,Tight junction,6/57,170/9396,0.0352941176470588,5.81795665634675,4.9524061763807,5.4287367826736e-4,0.00716593255312919,0.00537159218496128,56288/9223/9475/5520/7430/5590,6,AT1,Up
Human Diseases,Infectious disease: bacterial,hsa05131,Shigellosis,7/57,253/9396,0.0276679841897233,4.56084876222176,4.48544010261293,7.9120903920618e-4,0.00912968981430219,0.00684362713352796,5747/5336/10801/4792/1729/9475/54874,7,AT1,Up
Organismal Systems,Development and regeneration,hsa04360,Axon guidance,6/57,184/9396,0.0326086956521739,5.37528604118993,4.68245950497886,8.2336149092044e-4,0.00912968981430219,0.00684362713352796,56288/5747/5336/9475/5590/23365,6,AT1,Up
Organismal Systems,Endocrine system,hsa04919,Thyroid hormone signaling pathway,5/57,122/9396,0.040983606557377,6.755823986195,4.99907332144786,8.2997180130019e-4,0.00912968981430219,0.00684362713352796,483/5336/23389/8648/1499,5,AT1,Up
Human Diseases,Infectious disease: bacterial,hsa05100,Bacterial invasion of epithelial cells,4/57,78/9396,0.0512820512820513,8.45344129554656,5.16390704399968,0.00124373074234493,0.0129609835254892,0.0097155697878468,1495/5747/10801/1499,4,AT1,Up
Environmental Information Processing,Signal transduction,hsa04015,Rap1 signaling pathway,6/57,212/9396,0.0283018867924528,4.66534260178749,4.21698639551416,0.00170961709080747,0.016925209198994,0.0126871584107292,56288/9223/7422/5590/1499/2778,6,AT1,Up
Cellular Processes,Cellular community - eukaryotes,hsa04520,Adherens junction,4/57,93/9396,0.043010752688172,7.08998302207131,4.61085726240882,0.00238018212969722,0.0213234472913829,0.0159840832965709,56288/1495/9475/1499,4,AT1,Up
Environmental Information Processing,Signal transduction,hsa04390,Hippo signaling pathway,5/57,157/9396,0.0318471337579618,5.24974857525981,4.19504102155253,0.0025414235834236,0.0213234472913829,0.0159840832965709,56288/1495/5520/5590/1499,5,AT1,Up
Human Diseases,Infectious disease: viral,hsa05160,Hepatitis C,5/57,159/9396,0.0314465408805031,5.1837140019861,4.15652800813533,0.00268494632845271,0.0213234472913829,0.0159840832965709,4792/3949/5520/1499/6774,5,AT1,Up
Cellular Processes,Cell motility,hsa04810,Regulation of actin cytoskeleton,6/57,232/9396,0.0258620689655172,4.26315789473684,3.93165292952511,0.00269235445598269,0.0213234472913829,0.0159840832965709,5747/1729/9475/7430/23365/3673,6,AT1,Up
Cellular Processes,Cell motility,hsa04820,Cytoskeleton in muscle cells,6/57,232/9396,0.0258620689655172,4.26315789473684,3.93165292952511,0.00269235445598269,0.0213234472913829,0.0159840832965709,483/1282/1729/1284/3339/3673,6,AT1,Up
Organismal Systems,Digestive system,hsa04974,Protein digestion and absorption,4/57,105/9396,0.0380952380952381,6.2796992481203,4.25018893208669,0.00369306025119278,0.0281240742206219,0.0210818419197644,483/1282/54407/1284,4,AT1,Up
Human Diseases,Infectious disease: parasitic,hsa05145,Toxoplasmosis,4/57,112/9396,0.0357142857142857,5.88721804511278,4.06479636447347,0.0046504443397303,0.0341032584913555,0.0255638460780496,4792/3909/3949/6774,4,AT1,Up
Environmental Information Processing,Signal transduction,hsa04370,VEGF signaling pathway,3/57,60/9396,0.05,8.24210526315789,4.39638450946246,0.0056712829908481,0.0401040725781401,0.0300620639740444,5747/7422/5336,3,AT1,Up
Organismal Systems,Endocrine system,hsa04935,"Growth hormone synthesis, secretion and action",4/57,122/9396,0.0327868852459016,5.404659188956,3.82555378593784,0.00628944104827014,0.0429417009502582,0.0321891538223626,5747/5336/2778/6774,4,AT1,Up
Human Diseases,Infectious disease: viral,hsa05167,Kaposi sarcoma-associated herpesvirus infection,5/57,196/9396,0.0255102040816327,4.20515574650913,3.54257368422352,0.00652959836525887,0.0430953492107086,0.0323043287544387,7422/5336/4792/1499/6774,5,AT1,Up
Organismal Systems,Endocrine system,hsa04927,Cortisol synthesis and secretion,3/57,65/9396,0.0461538461538462,7.6080971659919,4.1764245138291,0.00708631033526609,0.0452609498833125,0.0339276657817494,3164/3949/2778,3,AT1,Up
Human Diseases,Infectious disease: bacterial,hsa05130,Pathogenic Escherichia coli infection,5/57,203/9396,0.0246305418719212,4.06015037593985,3.44348178081146,0.00755027953678917,0.046717354633883,0.0350193886410287,4792/9475/7430/23365/4646,5,AT1,Up
Cellular Processes,Cellular community - eukaryotes,hsa04530,Tight junction,6/36,170/9396,0.0352941176470588,9.21176470588235,6.70063483334832,3.98731956378031e-5,0.00490440306344978,0.00440703741259929,8531/4627/7430/7082/5520/56288,6,AT2,Up
Organismal Systems,Immune system,hsa04660,T cell receptor signaling pathway,7/53,122/9396,0.0573770491803279,10.1719764924219,7.67984500422801,4.91855062278782e-6,9.1485041583853e-4,5.9540349644273e-4,2534/5788/5295/5527/940/868/10000,7,CD4+ T cells,Up
Environmental Information Processing,Signal transduction,hsa04072,Phospholipase D signaling pathway,6/53,149/9396,0.0402684563758389,7.13891351146005,5.68888785776764,1.7857464364191e-4,0.0158179727033959,0.0102946624838174,2534/9267/5295/9265/10672/10000,6,CD4+ T cells,Up
Environmental Information Processing,Signal transduction,hsa04024,cAMP signaling pathway,7/53,226/9396,0.0309734513274336,5.49106695608616,5.14709559398916,2.5512859199025e-4,0.0158179727033959,0.0102946624838174,483/5140/5144/5295/5500/814/10000,7,CD4+ T cells,Up
Environmental Information Processing,Signal transduction,hsa04071,Sphingolipid signaling pathway,5/53,122/9396,0.040983606557377,7.26569749458707,5.2463703588388,5.9280031347462e-4,0.0253195186883056,0.0164784643415685,2534/5295/5527/10672/10000,5,CD4+ T cells,Up
Organismal Systems,Immune system,hsa04611,Platelet activation,5/53,126/9396,0.0396825396825397,7.03504043126685,5.136517144722,6.8665772890449e-4,0.0253195186883056,0.0164784643415685,2534/5295/5500/10672/10000,5,CD4+ T cells,Up
Organismal Systems,Endocrine system,hsa04910,Insulin signaling pathway,5/53,138/9396,0.036231884057971,6.42329778506973,4.83378755354623,0.00103566570231724,0.0253195186883056,0.0164784643415685,5140/5295/5500/868/10000,5,CD4+ T cells,Up
Human Diseases,Infectious disease: viral,hsa05162,Measles,5/53,139/9396,0.0359712230215827,6.37708700963757,4.8101928114275,0.00106975911110058,0.0253195186883056,0.0164784643415685,3303/5295/940/868/10000,5,CD4+ T cells,Up
Organismal Systems,Immune system,hsa04612,Antigen processing and presentation,4/53,81/9396,0.0493827160493827,8.75471698113208,5.27910359729698,0.00108901155648626,0.0253195186883056,0.0164784643415685,3320/3303/567/3106,4,CD4+ T cells,Up
Human Diseases,Cancer: overview,hsa05235,PD-L1 expression and PD-1 checkpoint pathway in cancer,4/53,90/9396,0.0444444444444444,7.87924528301887,4.93882545586163,0.00161119626585684,0.0313901596291651,0.0204293625203961,27436/5295/940/10000,4,CD4+ T cells,Up
Organismal Systems,Circulatory system,hsa04261,Adrenergic signaling in cardiomyocytes,5/53,154/9396,0.0324675324675325,5.75594217103651,4.48184771772353,0.00168764299081533,0.0313901596291651,0.0204293625203961,483/1390/5500/5527/10000,5,CD4+ T cells,Up
Environmental Information Processing,Signal transduction,hsa04022,cGMP-PKG signaling pathway,5/53,166/9396,0.0301204819277108,5.33984996590134,4.24884669904294,0.00234529657186677,0.0396568329424745,0.0258094838052324,483/5140/5500/10672/10000,5,CD4+ T cells,Up
Genetic Information Processing,Translation,hsa03015,mRNA surveillance pathway,4/53,103/9396,0.0388349514563107,6.88477743176406,4.52286722276888,0.00264161105561636,0.0400728392606791,0.026080229286803,5500/26986/5527/2935,4,CD4+ T cells,Up
Cellular Processes,Transport and catabolism,hsa04144,Endocytosis,6/53,252/9396,0.0238095238095238,4.22102425876011,3.90363595932765,0.00280078984080015,0.0400728392606791,0.026080229286803,3303/79720/3106/9267/9265/868,6,CD4+ T cells,Up
Organismal Systems,Digestive system,hsa04973,Carbohydrate digestion and absorption,3/53,52/9396,0.0576923076923077,10.2278664731495,5.02550502065042,0.00308181417225761,0.0405796532377676,0.0264100742634028,483/5295/10000,3,CD4+ T cells,Up
Organismal Systems,Endocrine system,hsa04914,Progesterone-mediated oocyte maturation,4/53,111/9396,0.036036036036036,6.38857725650178,4.30118182220624,0.00346170598176658,0.0405796532377676,0.0264100742634028,3320/5140/5295/10000,4,CD4+ T cells,Up
Human Diseases,Infectious disease: viral,hsa05168,Herpes simplex virus 1 infection,5/53,182/9396,0.0274725274725275,4.87041260626166,3.97111083179268,0.00349072285916281,0.0405796532377676,0.0264100742634028,567/3106/5295/5500/10000,5,CD4+ T cells,Up
Organismal Systems,Nervous system,hsa04725,Cholinergic synapse,4/53,116/9396,0.0344827586206897,6.11320754716981,4.17341507425144,0.00405395352965629,0.0443550209715335,0.0288671613566856,2534/5295/814/10000,4,CD4+ T cells,Up
Organismal Systems,Endocrine system,hsa04923,Regulation of lipolysis in adipocytes,3/53,59/9396,0.0508474576271186,9.01439078989447,4.65088921077045,0.00440937946521163,0.0455635878071868,0.0296537215496689,5140/5295/10000,3,CD4+ T cells,Up
Organismal Systems,Aging,hsa04213,Longevity regulating pathway - multiple species,3/53,62/9396,0.0483870967741935,8.57821059038344,4.50891209811478,0.00506921244270257,0.0478609401988044,0.0311488858113328,3303/5295/10000,3,CD4+ T cells,Up
Human Diseases,Infectious disease: bacterial,hsa05130,Pathogenic Escherichia coli infection,5/53,203/9396,0.0246305418719212,4.36657681940701,3.6521707192055,0.00554562499597137,0.0478609401988044,0.0311488858113328,2534/9267/9265/7430/10672,5,CD4+ T cells,Up
Human Diseases,Infectious disease: viral,hsa05169,Epstein-Barr virus infection,5/53,204/9396,0.0245098039215686,4.34517203107658,3.63807531444948,0.00566097142136396,0.0478609401988044,0.0311488858113328,567/3106/5295/864/10000,5,CD4+ T cells,Up
Human Diseases,Cancer: overview,hsa05205,Proteoglycans in cancer,5/53,204/9396,0.0245098039215686,4.34517203107658,3.63807531444948,0.00566097142136396,0.0478609401988044,0.0311488858113328,5295/5500/288/7430/10000,5,CD4+ T cells,Up
Organismal Systems,Immune system,hsa04612,Antigen processing and presentation,8/39,81/9396,0.0987654320987654,23.7948717948718,13.3014998766963,1.06242370253263e-9,1.69987792405221e-7,1.3084586652244e-7,3320/3303/3106/567/3326/3312/3105/3107,8,CD8+ T cells,Up
Cellular Processes,Transport and catabolism,hsa04144,Endocytosis,8/39,252/9396,0.0317460317460317,7.64835164835165,6.9065080925245,7.17111150739276e-6,5.7368892059142e-4,4.4158949808681e-4,3303/3106/3312/3105/9267/79720/3107/2869,8,CD8+ T cells,Up
Human Diseases,Endocrine and metabolic disease,hsa04940,Type I diabetes mellitus,4/39,44/9396,0.0909090909090909,21.9020979020979,8.97173315066873,3.05331480579988e-5,0.00162843456309327,0.00125346607817048,3106/3329/3105/3107,4,CD8+ T cells,Up
Genetic Information Processing,"Folding, sorting and degradation",hsa04141,Protein processing in endoplasmic reticulum,6/39,171/9396,0.0350877192982456,8.45344129554656,6.35015146104184,6.59776329426719e-5,0.00263910531770687,0.0020314165932349,3320/3337/3303/10808/3326/3312,6,CD8+ T cells,Up
Human Diseases,Infectious disease: viral,hsa05168,Herpes simplex virus 1 infection,6/39,182/9396,0.032967032967033,7.9425190194421,6.10577855521162,9.32662230164347e-5,0.00298451913652591,0.00229729433535218,3106/567/3105/5295/3107/6432,6,CD8+ T cells,Up
Human Diseases,Cardiovascular disease,hsa05416,Viral myocarditis,4/39,70/9396,0.0571428571428571,13.767032967033,6.92155501636444,1.9085514882899e-4,0.00450288619809369,0.00346603740248001,3106/2534/3105/3107,4,CD8+ T cells,Up
Organismal Systems,Immune system,hsa04650,Natural killer cell mediated cytotoxicity,5/39,134/9396,0.0373134328358209,8.98966704936854,6.01369050486181,2.1351695730051e-4,0.00450288619809369,0.00346603740248001,3106/2534/3105/5295/3107,5,CD8+ T cells,Up
Human Diseases,Cardiovascular disease,hsa05417,Lipid and atherosclerosis,6/39,216/9396,0.0277777777777778,6.69230769230769,5.46394455084225,2.3823013878177e-4,0.00450288619809369,0.00346603740248001,3320/3303/3329/3326/3312/5295,6,CD8+ T cells,Up
Organismal Systems,Endocrine system,hsa04915,Estrogen signaling pathway,5/39,139/9396,0.0359712230215827,8.66629773104593,5.87855154951194,2.5328734864277e-4,0.00450288619809369,0.00346603740248001,3320/3303/3326/3312/5295,5,CD8+ T cells,Up
Environmental Information Processing,Signaling molecules and interaction,hsa04514,Cell adhesion molecules,5/39,160/9396,0.03125,7.52884615384615,5.37733192879922,4.8503276177834e-4,0.00776052418845351,0.00597356138190172,3106/3105/5797/5788/3107,5,CD8+ T cells,Up
Human Diseases,Immune disease,hsa05330,Allograft rejection,3/39,39/9396,0.0769230769230769,18.5325443786982,7.08306645766792,5.4492702419061e-4,0.00792621126095443,0.00610109682586624,3106/3105/3107,3,CD8+ T cells,Up
Human Diseases,Immune disease,hsa05332,Graft-versus-host disease,3/39,45/9396,0.0666666666666667,16.0615384615385,6.53821118964329,8.3167387660666e-4,0.0110889850214222,0.00853560031254209,3106/3105/3107,3,CD8+ T cells,Up
Human Diseases,Infectious disease: viral,hsa05167,Kaposi sarcoma-associated herpesvirus infection,5/39,196/9396,0.0255102040816327,6.14599686028258,4.70019655558572,0.00121422775432261,0.0148168291768228,0.0114050593005807,3106/3105/5295/3107/9976,5,CD8+ T cells,Up
Human Diseases,Immune disease,hsa05320,Autoimmune thyroid disease,3/39,54/9396,0.0555555555555556,13.3846153846154,5.8921236627369,0.00141676759050866,0.0148168291768228,0.0114050593005807,3106/3105/3107,3,CD8+ T cells,Up
Human Diseases,Infectious disease: viral,hsa05169,Epstein-Barr virus infection,5/39,204/9396,0.0245098039215686,5.90497737556561,4.5725605526806,0.00145064512212072,0.0148168291768228,0.0114050593005807,3106/567/3105/5295/3107,5,CD8+ T cells,Up
Human Diseases,Cancer: overview,hsa05203,Viral carcinogenesis,5/39,205/9396,0.024390243902439,5.87617260787993,4.55708363281235,0.00148242817910447,0.0148168291768228,0.0114050593005807,3106/3105/5295/3107/5966,5,CD8+ T cells,Up
Human Diseases,Infectious disease: bacterial,hsa05134,Legionellosis,3/39,56/9396,0.0535714285714286,12.9065934065934,5.76926489139843,0.00157428810003742,0.0148168291768228,0.0114050593005807,3303/3329/3312,3,CD8+ T cells,Up
Human Diseases,Infectious disease: viral,hsa05170,Human immunodeficiency virus 1 infection,5/39,213/9396,0.0234741784037559,5.65547128927411,4.43683770759777,0.00175557414296979,0.0156051034930648,0.0120118230834775,3106/567/3105/5295/3107,5,CD8+ T cells,Up
Organismal Systems,Aging,hsa04213,Longevity regulating pathway - multiple species,3/39,62/9396,0.0483870967741935,11.6575682382134,5.43541175770056,0.00211134072917905,0.0173423718243096,0.0133490625226593,3303/3312/5295,3,CD8+ T cells,Up
Human Diseases,Infectious disease: viral,hsa05166,Human T-cell leukemia virus 1 infection,5/39,224/9396,0.0223214285714286,5.37774725274725,4.28109683452015,0.00218954493225303,0.0173423718243096,0.0133490625226593,3106/567/3105/5295/3107,5,CD8+ T cells,Up
Human Diseases,Infectious disease: viral,hsa05163,Human cytomegalovirus infection,5/39,226/9396,0.0221238938053097,5.33015656909462,4.25388291914534,0.00227618630194063,0.0173423718243096,0.0133490625226593,3106/567/3105/5295/3107,5,CD8+ T cells,Up
Cellular Processes,Cell growth and death,hsa04218,Cellular senescence,4/39,157/9396,0.0254777070063694,6.13816756491916,4.19138917031778,0.0039153320341696,0.0282244182320435,0.0217253745601914,3106/3105/5295/3107,4,CD8+ T cells,Up
Genetic Information Processing,"Folding, sorting and degradation",hsa03018,RNA degradation,3/39,78/9396,0.0384615384615385,9.26627218934911,4.73268970009968,0.00405726012085625,0.0282244182320435,0.0217253745601914,246175/3329/64282,3,CD8+ T cells,Up
Human Diseases,Substance dependence,hsa05032,Morphine addiction,3/39,91/9396,0.032967032967033,7.9425190194421,4.29627395445652,0.0062431966632855,0.04162131108857,0.0320374565615967,5144/5142/2869,3,CD8+ T cells,Up
Organismal Systems,Immune system,hsa04612,Antigen processing and presentation,5/21,81/9396,0.0617283950617284,27.6190476190476,11.3871749829568,7.67526766587013e-7,7.63106418385203e-5,6.5170955294069e-5,3320/567/3303/3115/3326,5,Dendritic cells,Up
Genetic Information Processing,"Folding, sorting and degradation",hsa04141,Protein processing in endoplasmic reticulum,6/21,171/9396,0.0350877192982456,15.6992481203008,9.18083939082065,1.43982343091548e-6,7.63106418385203e-5,6.5170955294069e-5,3320/3303/10808/4780/3326/23645,6,Dendritic cells,Up
Organismal Systems,Immune system,hsa04659,Th17 cell differentiation,4/21,109/9396,0.036697247706422,16.4193971166448,7.66329106528335,8.80918878383244e-5,0.00287577064013762,0.00245597095384146,3320/3115/3326/3091,4,Dendritic cells,Up
Organismal Systems,Endocrine system,hsa04928,"Parathyroid hormone synthesis, secretion and action",4/21,115/9396,0.0347826086956522,15.5627329192547,7.43646982165008,1.0851964679764e-4,0.00287577064013762,0.00245597095384146,10672/3727/4929/5141,4,Dendritic cells,Up
Organismal Systems,Immune system,hsa04657,IL-17 signaling pathway,3/21,95/9396,0.0315789473684211,14.1293233082707,6.08711805661307,0.00116697650488231,0.0211166041634389,0.0180340412915168,3320/3326/3727,3,Dendritic cells,Up
Human Diseases,Cardiovascular disease,hsa05417,Lipid and atherosclerosis,4/21,216/9396,0.0185185185185185,8.28571428571429,5.12684364051467,0.00119527948094937,0.0211166041634389,0.0180340412915168,3320/3303/4780/3326,4,Dendritic cells,Up
Organismal Systems,Endocrine system,hsa04915,Estrogen signaling pathway,3/21,139/9396,0.0215827338129496,9.65673175745118,4.86629721056584,0.00346658841735641,0.0487830655606079,0.041661803755832,3320/3303/3326,3,Dendritic cells,Up
Human Diseases,Cardiovascular disease,hsa05418,Fluid shear stress and atherosclerosis,3/21,142/9396,0.0211267605633803,9.45271629778672,4.80339297747552,0.00368174079702701,0.0487830655606079,0.041661803755832,3320/4780/3326,3,Dendritic cells,Up
Cellular Processes,Cell motility,hsa04810,Regulation of actin cytoskeleton,14/81,232/9396,0.0603448275862069,7,8.62883520053528,8.89356446145433e-9,1.72104584706272e-6,1.24911282339087e-6,60/4478/87/54434/23396/23365/81/2260/4627/8874/5500/3688/3678/8503,14,Endothelial cells,Up
Cellular Processes,Cellular community - eukaryotes,hsa04510,Focal adhesion,13/81,203/9396,0.0640394088669951,7.42857142857143,8.63442327420492,1.57173136718056e-8,1.72104584706272e-6,1.24911282339087e-6,60/87/23396/1282/2321/81/2012/1284/5500/5908/3688/3678/8503,13,Endothelial cells,Up
Cellular Processes,Cellular community - eukaryotes,hsa04520,Adherens junction,8/81,93/9396,0.0860215053763441,9.97849462365592,8.11396187522603,1.20913176349852e-6,8.82666187353921e-5,6.40627706274656e-5,60/87/10580/81/2260/1495/5908/6934,8,Endothelial cells,Up
Cellular Processes,Cell motility,hsa04820,Cytoskeleton in muscle cells,11/81,232/9396,0.0474137931034483,5.5,6.47162640040146,4.34326659524886e-6,2.3779384608987e-4,1.7258769891646e-4,60/7171/483/9124/1282/114793/4627/1284/10611/3688/3678,11,Endothelial cells,Up
Organismal Systems,Immune system,hsa04670,Leukocyte transendothelial migration,8/81,116/9396,0.0689655172413793,8,7.07379579550624,6.430279089681e-6,2.8164622412802e-4,2.0441518790354e-4,60/4478/87/81/1495/5908/3688/8503,8,Endothelial cells,Up
Human Diseases,Cancer: overview,hsa05205,Proteoglycans in cancer,10/81,204/9396,0.0490196078431373,5.68627450980392,6.31011497905349,9.16314734256851e-6,3.3445487800375e-4,2.427430260926e-4,60/4478/3091/6774/23365/2260/5500/3688/3678/8503,10,Endothelial cells,Up
Human Diseases,Infectious disease: bacterial,hsa05135,Yersinia infection,8/81,138/9396,0.0579710144927536,6.72463768115942,6.31725535038179,2.30530300098951e-5,7.2123051030957e-4,5.2345977917205e-4,60/23396/23365/6197/8874/3688/3678/8503,8,Endothelial cells,Up
Human Diseases,Infectious disease: viral,hsa05167,Kaposi sarcoma-associated herpesvirus infection,9/81,196/9396,0.0459183673469388,5.3265306122449,5.70786082230928,4.43960653799685e-5,0.00121534228977664,8.8207972004937e-4,7316/3105/3091/3106/9976/6774/7538/8503/6934,9,Endothelial cells,Up
Organismal Systems,Immune system,hsa04612,Antigen processing and presentation,6/81,81/9396,0.0740740740740741,8.59259259259259,6.39942050834229,6.60104487006762e-5,0.00160625425171645,0.00116579856769615,3320/3303/567/3326/3105/3106,6,Endothelial cells,Up
Human Diseases,Cardiovascular disease,hsa05417,Lipid and atherosclerosis,9/81,216/9396,0.0416666666666667,4.83333333333333,5.31473472797638,9.42662237833519e-5,0.00206443030085541,0.00149833682013538,3320/3303/3326/6774/3949/30001/9619/5908/8503,9,Endothelial cells,Up
Human Diseases,Infectious disease: parasitic,hsa05146,Amoebiasis,6/81,103/9396,0.058252427184466,6.75728155339806,5.47844851320627,2.5022986826851e-4,0.00468272153914428,0.00339865874746833,3315/87/1282/81/1284/8503,6,Endothelial cells,Up
Environmental Information Processing,Signal transduction,hsa04151,PI3K-Akt signaling pathway,11/81,362/9396,0.0303867403314917,3.52486187845304,4.56826553104206,2.5658748159694e-4,0.00468272153914428,0.00339865874746833,3320/3164/3326/1282/2321/2260/1284/3688/3678/9586/8503,11,Endothelial cells,Up
Human Diseases,Cancer: specific types,hsa05215,Prostate cancer,6/81,106/9396,0.0566037735849057,6.56603773584906,5.37391377748769,2.9249005424226e-4,0.0048511098517942,0.00352087280759877,3320/3326/2260/9586/8503/6934,6,Endothelial cells,Up
Human Diseases,Infectious disease: bacterial,hsa05131,Shigellosis,9/81,253/9396,0.0355731225296443,4.12648221343874,4.70079524780582,3.1011661153022e-4,0.0048511098517942,0.00352087280759877,7316/60/87/9267/7323/81/3688/3678/8503,9,Endothelial cells,Up
Human Diseases,Infectious disease: bacterial,hsa05100,Bacterial invasion of epithelial cells,5/81,78/9396,0.0641025641025641,7.43589743589744,5.32224098213099,5.4246561544243e-4,0.00791999798545956,0.00574823213556546,60/1495/3688/3678/8503,5,Endothelial cells,Up
Cellular Processes,Cellular community - eukaryotes,hsa04530,Tight junction,7/81,170/9396,0.0411764705882353,4.77647058823529,4.6334375538308,6.3317885770082e-4,0.00866663561478008,0.00629013207321217,60/4478/8531/87/81/4627/3688,7,Endothelial cells,Up
Organismal Systems,Immune system,hsa04611,Platelet activation,6/81,126/9396,0.0476190476190476,5.52380952380952,4.76704430276072,7.3676340120902e-4,0.00949124616851622,0.00688862375124224,60/23365/5500/5908/3688/8503,6,Endothelial cells,Up
Human Diseases,Cardiovascular disease,hsa05412,Arrhythmogenic right ventricular cardiomyopathy,5/81,86/9396,0.0581395348837209,6.74418604651163,4.99002078790597,8.4814091147628e-4,0.0103190477562948,0.00748943144052158,60/1495/3688/3678/6934,5,Endothelial cells,Up
Environmental Information Processing,Signal transduction,hsa04010,MAPK signaling pathway,9/81,300/9396,0.03,3.48,4.07086363197132,0.00106062535521038,0.0122251027784775,0.00887282153112284,3303/3164/3315/5924/2321/6197/2260/4208/5908,9,Endothelial cells,Up
Human Diseases,Cardiovascular disease,hsa05418,Fluid shear stress and atherosclerosis,6/81,142/9396,0.0422535211267606,4.90140845070423,4.36817789703017,0.00137245141752498,0.0150283430218985,0.0109073770550669,3320/60/3326/4205/4208/8503,6,Endothelial cells,Up
Human Diseases,Endocrine and metabolic disease,hsa04933,AGE-RAGE signaling pathway in diabetic complications,5/81,101/9396,0.0495049504950495,5.74257425742574,4.46837487845823,0.0017446650700117,0.0181943643015506,0.0132052343644996,5054/6774/1282/1284/8503,5,Endothelial cells,Up
Human Diseases,Cancer: overview,hsa05203,Viral carcinogenesis,7/81,205/9396,0.0341463414634146,3.9609756097561,3.99696043718717,0.00188568693349592,0.0187711562925276,0.01362386253387,3105/3106/87/6774/81/9586/8503,7,Endothelial cells,Up
Human Diseases,Infectious disease: viral,hsa05165,Human papillomavirus infection,9/81,333/9396,0.027027027027027,3.13513513513514,3.69922686173445,0.00218352102060049,0.0200379161861379,0.0145432604859737,3105/3106/1282/1284/3688/3678/9586/8503/6934,9,Endothelial cells,Up
Environmental Information Processing,Signal transduction,hsa04015,Rap1 signaling pathway,7/81,212/9396,0.0330188679245283,3.83018867924528,3.88657322489346,0.002281148009698,0.0200379161861379,0.0145432604859737,60/9771/2321/2260/5908/3688/8503,7,Endothelial cells,Up
Environmental Information Processing,Signal transduction,hsa04390,Hippo signaling pathway,6/81,157/9396,0.0382165605095541,4.43312101910828,4.04506893803054,0.00228743335458196,0.0200379161861379,0.0145432604859737,60/5054/25937/1495/5500/6934,6,Endothelial cells,Up
Human Diseases,Endocrine and metabolic disease,hsa04931,Insulin resistance,5/81,109/9396,0.0458715596330275,5.32110091743119,4.23125702844023,0.00243926535931788,0.0205461197573314,0.014912108067085,6774/6197/5500/9586/8503,5,Endothelial cells,Up
Environmental Information Processing,Signal transduction,hsa04066,HIF-1 signaling pathway,5/81,110/9396,0.0454545454545455,5.27272727272727,4.20326380216416,0.00253840439177402,0.0205892800666115,0.0149434332615157,5054/3091/6774/2321/8503,5,Endothelial cells,Up
Organismal Systems,Endocrine system,hsa04928,"Parathyroid hormone synthesis, secretion and action",5/81,115/9396,0.0434782608695652,5.04347826086956,4.06823581115507,0.00307856631393623,0.0238148697560731,0.0172845245525933,4205/5144/2260/4208/9586,5,Endothelial cells,Up
Environmental Information Processing,Signal transduction,hsa04024,cAMP signaling pathway,7/81,226/9396,0.0309734513274336,3.5929203539823,3.67924069885189,0.00326231092548947,0.0238148697560731,0.0172845245525933,483/5144/10846/5500/5908/9586/8503,7,Endothelial cells,Up
Human Diseases,Infectious disease: viral,hsa05163,Human cytomegalovirus infection,7/81,226/9396,0.0309734513274336,3.5929203539823,3.67924069885189,0.00326231092548947,0.0238148697560731,0.0172845245525933,567/3105/3106/6774/23365/9586/8503,7,Endothelial cells,Up
Genetic Information Processing,"Folding, sorting and degradation",hsa04141,Protein processing in endoplasmic reticulum,6/81,171/9396,0.0350877192982456,4.07017543859649,3.77813552892012,0.00350026839292266,0.024727702517744,0.0179470467684659,3320/3303/3326/7991/30001/7323,6,Endothelial cells,Up
Environmental Information Processing,Signal transduction,hsa04014,Ras signaling pathway,7/81,238/9396,0.0294117647058824,3.41176470588235,3.51416837682574,0.00433627596274857,0.0296763886200605,0.0215387391570735,57186/9771/5924/2321/2260/5908/8503,7,Endothelial cells,Up
Human Diseases,Infectious disease: viral,hsa05168,Herpes simplex virus 1 infection,6/81,182/9396,0.032967032967033,3.82417582417582,3.58758990324958,0.00474780502106375,0.0315081605943322,0.0228682155719498,567/3105/3106/5500/3678/8503,6,Endothelial cells,Up
Organismal Systems,Endocrine system,hsa04915,Estrogen signaling pathway,5/81,139/9396,0.0359712230215827,4.1726618705036,3.51394961074385,0.0068731233375431,0.0442710003212335,0.0321313196275235,3320/3303/3326/9586/8503,5,Endothelial cells,Up
Environmental Information Processing,Signaling molecules and interaction,hsa04512,ECM-receptor interaction,4/81,89/9396,0.0449438202247191,5.21348314606742,3.72418185234579,0.00718820120834545,0.0449776018465044,0.0326441618785011,1282/1284/3688/3678,4,Endothelial cells,Up
Human Diseases,Infectious disease: bacterial,hsa05130,Pathogenic Escherichia coli infection,6/81,203/9396,0.0295566502463054,3.42857142857143,3.26189323692186,0.00799906947663091,0.048661005982838,0.0353175289757681,60/23365/4643/9267/4627/3688,6,Endothelial cells,Up
Human Diseases,Cancer: specific types,hsa05222,Small cell lung cancer,4/81,93/9396,0.043010752688172,4.98924731182796,3.60512557569923,0.00837645317956118,0.0495795471979432,0.0359841943133354,1282/1284/3688/8503,4,Endothelial cells,Up
Human Diseases,Cancer: overview,hsa05205,Proteoglycans in cancer,17/98,204/9396,0.0833333333333333,7.98979591836735,10.361943760301,2.6462501852808097e-11,5.980525418734641e-9,4.56826347774793e-9,7057/5747/60/3091/6774/23365/5336/2260/3688/4313/1278/2316/3685/5579/9475/817/2335,17,Fibroblasts,Up
Cellular Processes,Cell motility,hsa04820,Cytoskeleton in muscle cells,17/98,232/9396,0.0732758620689655,7.02551020408163,9.54029793586537,2.03218596161706e-10,2.29637013662728e-8,1.75409735634315e-8,7057/1282/60/7058/483/27295/10611/1284/7171/1462/3688/4627/1278/3685/832/2335/7168,17,Fibroblasts,Up
Cellular Processes,Cellular community - eukaryotes,hsa04510,Focal adhesion,15/98,203/9396,0.0738916256157636,7.08454810495627,8.99734507034953,2.3468189150759503e-9,1.76793691602389e-7,1.35045018271037e-7,7057/5747/1282/60/7058/87/1284/3688/1278/2316/3685/5579/9475/2335/8394,15,Fibroblasts,Up
Cellular Processes,Cell motility,hsa04810,Regulation of actin cytoskeleton,13/98,232/9396,0.0560344827586207,5.37244897959184,6.92297657158055,7.59014335777324e-7,4.28843099714188e-5,3.27574608072319e-5,5747/60/23365/87/2260/3688/4627/3685/9475/2335/55740/8394/10787,13,Fibroblasts,Up
Human Diseases,Endocrine and metabolic disease,hsa04933,AGE-RAGE signaling pathway in diabetic complications,9/98,101/9396,0.0891089108910891,8.5435441503334,7.82488719636735,9.53149518942114e-7,4.30823582561836e-5,3.29087412855804e-5,1282/4088/6774/5336/1284/4313/1278/5579/2335,9,Fibroblasts,Up
Organismal Systems,Immune system,hsa04670,Leukocyte transendothelial migration,9/98,116/9396,0.0775862068965517,7.43877551020408,7.1634947872391,3.05973204839754e-6,1.152499071563e-4,8.80343957784555e-5,5747/60/5336/87/1495/3688/4313/5579/9475,9,Fibroblasts,Up
Environmental Information Processing,Signaling molecules and interaction,hsa04512,ECM-receptor interaction,8/98,89/9396,0.0898876404494382,8.61820683329512,7.41326568314843,3.70077141587633e-6,1.1948204856972e-4,9.12671446922886e-5,7057/1282/7058/1284/3688/1278/3685/2335,8,Fibroblasts,Up
Human Diseases,Infectious disease: viral,hsa05165,Human papillomavirus infection,14/98,333/9396,0.042042042042042,4.03088803088803,5.78126235975283,8.26448567768333e-6,2.3347172039455e-4,1.7833890146579e-4,7057/5747/5743/1282/7058/1284/1452/3516/535/3688/1278/3685/23352/2335,14,Fibroblasts,Up
Human Diseases,Infectious disease: parasitic,hsa05146,Amoebiasis,8/98,103/9396,0.0776699029126214,7.446800079255,6.75385147081728,1.10543459120253e-5,2.7758690845752e-4,2.1203657655814e-4,5747/1282/3554/87/1284/1278/5579/2335,8,Fibroblasts,Up
Environmental Information Processing,Signal transduction,hsa04151,PI3K-Akt signaling pathway,14/98,362/9396,0.0386740331491713,3.70797158642462,5.39417465924875,2.12356501719053e-5,4.7992569388506e-4,3.6659438191499e-4,3164/7057/3320/5747/1282/7058/1284/2260/3688/1278/3685/9180/3566/2335,14,Fibroblasts,Up
Cellular Processes,Transport and catabolism,hsa04148,Efferocytosis,9/98,157/9396,0.0573248407643312,5.49616534511894,5.83238622667153,3.57133111651633e-5,7.3374621121153e-4,5.6047684508007e-4,7057/5747/5743/3091/196527/3685/558/817/6868,9,Fibroblasts,Up
Cellular Processes,Cellular community - eukaryotes,hsa04520,Adherens junction,7/98,93/9396,0.0752688172043011,7.21658986175115,6.18513009448723,4.92989772277966e-5,8.5704375796015e-4,6.5465848302499e-4,60/4088/87/2260/1495/9475/7082,7,Fibroblasts,Up
Human Diseases,Cancer: specific types,hsa05222,Small cell lung cancer,7/98,93/9396,0.0752688172043011,7.21658986175115,6.18513009448723,4.92989772277966e-5,8.5704375796015e-4,6.5465848302499e-4,5747/5743/1282/1284/3688/3685/2335,7,Fibroblasts,Up
Human Diseases,Infectious disease: bacterial,hsa05131,Shigellosis,11/98,253/9396,0.0434782608695652,4.16858917480035,5.2450362489589,6.13572234462724e-5,9.9048089277554e-4,7.5658531166832e-4,7316/5747/60/3554/5336/87/3688/718/7323/9475/23048,11,Fibroblasts,Up
Cellular Processes,Cellular community - eukaryotes,hsa04530,Tight junction,9/98,170/9396,0.0529411764705882,5.07587034813926,5.50560127064745,6.65726258017489e-5,0.00100302756207968,7.6616916712188e-4,60/87/8531/3688/4627/9475/9414/7082/861,9,Fibroblasts,Up
Human Diseases,Infectious disease: bacterial,hsa05135,Yersinia infection,8/98,138/9396,0.0579710144927536,5.55811889973381,5.53774895483427,9.14942101415959e-5,0.00129235571825004,9.8717437258037e-4,5747/60/23365/6197/3688/9475/2335/8394,8,Fibroblasts,Up
Human Diseases,Cardiovascular disease,hsa05418,Fluid shear stress and atherosclerosis,8/98,142/9396,0.0563380281690141,5.40155217016384,5.42565203433062,1.1179548048697e-4,0.00148622227000325,0.00113526060680267,3320/5747/60/3554/659/4313/4205/3685,8,Fibroblasts,Up
Organismal Systems,Immune system,hsa04659,Th17 cell differentiation,7/98,109/9396,0.0642201834862385,6.15727391874181,5.55984115676603,1.3539660335092e-4,0.00169997957540608,0.00129854052336561,3320/3091/3554/4088/6774/3566/861,7,Fibroblasts,Up
Human Diseases,Infectious disease: bacterial,hsa05110,Vibrio cholerae infection,5/98,51/9396,0.0980392156862745,9.39975990396158,6.17488632310108,1.7897295885166e-4,0.00212883624739343,0.00162612549870761,60/5336/535/9414/7082,5,Fibroblasts,Up
Human Diseases,Infectious disease: bacterial,hsa05130,Pathogenic Escherichia coli infection,9/98,203/9396,0.0443349753694581,4.25072886297376,4.80691890437936,2.5669304159882e-4,0.00290063137006676,0.00221566625380042,60/3554/5861/23365/3688/4627/9475/10787/7082,9,Fibroblasts,Up
Organismal Systems,Endocrine system,hsa04919,Thyroid hormone signaling pathway,7/98,122/9396,0.0573770491803279,5.50117096018735,5.13734269474756,2.7265464350804e-4,0.00293428330632462,0.00224137150552975,60/3091/483/5336/3685/5579/9969,7,Fibroblasts,Up
Organismal Systems,Development and regeneration,hsa04360,Axon guidance,8/98,184/9396,0.0434782608695652,4.16858917480035,4.45619862348677,6.5073716255261e-4,0.00668484539713142,0.00510626290232675,5747/23365/5336/659/3688/9475/817/55740,8,Fibroblasts,Up
Genetic Information Processing,"Folding, sorting and degradation",hsa04120,Ubiquitin mediated proteolysis,7/98,142/9396,0.0492957746478873,4.72635814889336,4.59336204356182,6.8322454745387e-4,0.00671342381411194,0.0051280927131549,7316/868/51366/7325/7323/7324/7328,7,Fibroblasts,Up
Environmental Information Processing,Signal transduction,hsa04066,HIF-1 signaling pathway,6/98,110/9396,0.0545454545454545,5.22968460111317,4.58096154600665,9.8719857936266e-4,0.00929611995566511,0.00710090206208234,3091/2034/6774/5336/5579/817,6,Fibroblasts,Up
Human Diseases,Infectious disease: bacterial,hsa05100,Bacterial invasion of epithelial cells,5/98,78/9396,0.0641025641025641,6.14599686028257,4.68513516106751,0.00128873581286215,0.0115398888809806,0.00881481963894187,5747/60/1495/3688/2335,5,Fibroblasts,Up
Cellular Processes,Transport and catabolism,hsa04145,Phagosome,7/98,159/9396,0.0440251572327044,4.22102425876011,4.20526864618727,0.00132759783586503,0.0115398888809806,0.00881481963894187,7057/60/7058/535/3688/3685/718,7,Fibroblasts,Up
Organismal Systems,Immune system,hsa04611,Platelet activation,6/98,126/9396,0.0476190476190476,4.56559766763848,4.13660832478242,0.00198662649223045,0.0160726313428424,0.0122771846307692,60/23365/5336/3688/1278/9475,6,Fibroblasts,Up
Environmental Information Processing,Signal transduction,hsa04012,ErbB signaling pathway,5/98,86/9396,0.0581395348837209,5.57427622211675,4.37485265559411,0.00199129945840526,0.0160726313428424,0.0122771846307692,5747/868/5336/5579/817,5,Fibroblasts,Up
Human Diseases,Infectious disease: viral,hsa05163,Human cytomegalovirus infection,8/98,226/9396,0.0353982300884956,3.39389561134188,3.73974008508479,0.00242785825130464,0.0189205505101672,0.0144525863235558,5747/5743/3554/6774/23365/3685/5579/9475,8,Fibroblasts,Up
Environmental Information Processing,Signal transduction,hsa04370,VEGF signaling pathway,4/98,60/9396,0.0666666666666667,6.39183673469388,4.30128872910122,0.0034712667029914,0.0261502091625352,0.019975008396161,5747/5743/5336/5579,4,Fibroblasts,Up
Human Diseases,Cardiovascular disease,hsa05410,Hypertrophic cardiomyopathy,5/98,99/9396,0.0505050505050505,4.84230055658627,3.94551932305783,0.00367773509797354,0.0268118752303877,0.0204804263520428,60/7171/3688/3685/7168,5,Fibroblasts,Up
Human Diseases,Infectious disease: viral,hsa05167,Kaposi sarcoma-associated herpesvirus infection,7/98,196/9396,0.0357142857142857,3.42419825072886,3.52102342713814,0.00431367415801776,0.0304653237410004,0.0232711369050958,7316/5743/3091/6774/5336/7538/718,7,Fibroblasts,Up
Organismal Systems,Digestive system,hsa04974,Protein digestion and absorption,5/98,105/9396,0.0476190476190476,4.56559766763848,3.77191950125634,0.00472823881152235,0.0314288815118839,0.0240071568139215,1282/483/1284/54407/1278,5,Fibroblasts,Up
Human Diseases,Cardiovascular disease,hsa05414,Dilated cardiomyopathy,5/98,105/9396,0.0476190476190476,4.56559766763848,3.77191950125634,0.00472823881152235,0.0314288815118839,0.0240071568139215,60/7171/3688/3685/7168,5,Fibroblasts,Up
Human Diseases,Infectious disease: bacterial,hsa05120,Epithelial cell signaling in Helicobacter pylori infection,4/98,71/9396,0.0563380281690141,5.40155217016384,3.82188193735272,0.00634054902782078,0.040941830865357,0.0312736854304544,5336/535/7082/6868,4,Fibroblasts,Up
Human Diseases,Cancer: specific types,hsa05223,Non-small cell lung cancer,4/98,73/9396,0.0547945205479452,5.25356443947442,3.74544361651352,0.00699150222531489,0.0438910973033657,0.0335265018991708,6774/5336/5579/27436,4,Fibroblasts,Up
Human Diseases,Cardiovascular disease,hsa05417,Lipid and atherosclerosis,7/98,216/9396,0.0324074074074074,3.10714285714286,3.21637127191018,0.00727248197913327,0.044421106142814,0.0339313526195692,3303/3320/5747/6774/6648/9475/817,7,Fibroblasts,Up
Organismal Systems,Digestive system,hsa04971,Gastric acid secretion,4/98,76/9396,0.0526315789473684,5.04618689581096,3.63589588294687,0.00804850986156692,0.0478674533872138,0.0365638675151516,60/483/5579/817,4,Fibroblasts,Up
Cellular Processes,Cellular community - eukaryotes,hsa04510,Focal adhesion,12/134,203/9396,0.0591133004926108,4.14498933901919,5.44862563765128,3.12755589228384e-5,0.00379193001660265,0.00312754309867888,1499/2889/2335/87/81/5908/3678/7408/2316/2885/1729/5500,12,Macrophages,Up
Human Diseases,Cancer: overview,hsa05205,Proteoglycans in cancer,12/134,204/9396,0.0588235294117647,4.12467076382792,5.42703650493838,3.28305629143086e-5,0.00379193001660265,0.00312754309867888,1499/7430/5329/1839/2335/3091/960/3678/2316/2885/5500/5336,12,Macrophages,Up
Human Diseases,Infectious disease: bacterial,hsa05132,Salmonella infection,13/134,251/9396,0.051792828685259,3.63168222631861,5.08307896278285,5.77516414760697e-5,0.00404277446672222,0.00333443690351662,3320/1499/388/3326/9267/2316/6934/7879/6281/10109/1778/4646/55207,13,Macrophages,Up
Organismal Systems,Immune system,hsa04640,Hematopoietic cell lineage,8/134,100/9396,0.08,5.60955223880597,5.57389889311086,8.58495738008223e-5,0.00404277446672222,0.00333443690351662,7037/1604/928/290/960/3678/3563/3122,8,Macrophages,Up
Cellular Processes,Transport and catabolism,hsa04145,Phagosome,10/134,159/9396,0.0628930817610063,4.41002534497325,5.21601822671598,8.75059408381432e-5,0.00404277446672222,0.00333443690351662,7037/4973/3133/3678/7879/3916/3122/4481/1778/23673,10,Macrophages,Up
Cellular Processes,Cell motility,hsa04810,Regulation of actin cytoskeleton,12/134,232/9396,0.0517241379310345,3.62686567164179,4.87290248352877,1.1402727158231e-4,0.00439004995591909,0.00362086599235068,7430/2335/7114/87/10672/81/3687/3678/1729/5500/10109/3985,12,Macrophages,Up
Organismal Systems,Immune system,hsa04612,Antigen processing and presentation,7/134,81/9396,0.0864197530864197,6.05970149253731,5.50078129720374,1.4825674076384e-4,0.00489247244520678,0.00403525865838426,3320/3303/567/3326/3133/10437/3122,7,Macrophages,Up
Organismal Systems,Immune system,hsa04670,Leukocyte transendothelial migration,8/134,116/9396,0.0689655172413793,4.83582089552239,4.99990474146794,2.4222543609601e-4,0.00699425946727245,0.00576878999123406,1499/7430/87/1495/81/5908/7408/5336,8,Macrophages,Up
Cellular Processes,Transport and catabolism,hsa04148,Efferocytosis,9/134,157/9396,0.0573248407643312,4.01958361060937,4.58915583317344,3.9730505567464e-4,0.0101974964289824,0.00841078538913566,1051/5467/5468/3091/8754/488/7879/961/240,9,Macrophages,Up
Human Diseases,Infectious disease: bacterial,hsa05152,Tuberculosis,9/134,182/9396,0.0494505494505494,3.46744300475644,4.04303147970139,0.00115074502112094,0.0265822099878936,0.0219247209287252,1051/3687/10892/7879/3916/3122/1509/3329/8844,9,Macrophages,Up
Human Diseases,Cardiovascular disease,hsa05412,Arrhythmogenic right ventricular cardiomyopathy,6/134,86/9396,0.0697674418604651,4.89205137105172,4.36115329134609,0.00139009304908979,0.0291919540308856,0.0240772097497849,1499/1495/4000/3678/6934/488,6,Macrophages,Up
Cellular Processes,Cellular community - eukaryotes,hsa04520,Adherens junction,6/134,93/9396,0.0645161290322581,4.52383245064998,4.10765175795238,0.00207830624074223,0.040007395134288,0.0329976692609074,1499/87/1495/81/5908/6934,6,Macrophages,Up
Cellular Processes,Cellular community - eukaryotes,hsa04530,Tight junction,8/134,170/9396,0.0470588235294118,3.29973661106234,3.6395210680968,0.00294009556606306,0.0491091713670132,0.0405047164157184,7430/87/861/8531/81/7408/10109/51762,8,Macrophages,Up
Human Diseases,Cancer: specific types,hsa05211,Renal cell carcinoma,5/134,70/9396,0.0714285714285714,5.00852878464819,4.04887830932453,0.00315568696104283,0.0491091713670132,0.0405047164157184,2034/2889/3091/5908/2885,5,Macrophages,Up
Cellular Processes,Transport and catabolism,hsa04144,Endocytosis,10/134,252/9396,0.0396825396825397,2.78251599147121,3.44995952136136,0.00318890723162423,0.0491091713670132,0.0405047164157184,7037/3303/3133/80223/9267/50807/7879/9559/26286/10109,10,Macrophages,Up
Organismal Systems,Immune system,hsa04612,Antigen processing and presentation,4/18,81/9396,0.0493827160493827,25.7777777777778,9.8116707010017,1.43074797318646e-5,0.00115890585828103,8.1326726896914e-4,3320/3133/3107/567,4,Monocytes,Up
Cellular Processes,Cell growth and death,hsa04216,Ferroptosis,3/18,42/9396,0.0714285714285714,37.2857142857143,10.3250263717563,6.46834153981791e-5,0.00261967832362625,0.00183837075342193,2495/6303/2512,3,Monocytes,Up
Organismal Systems,Digestive system,hsa04978,Mineral absorption,3/18,61/9396,0.0491803278688525,25.672131147541,8.46923048033185,1.9821751577377e-4,0.00535187292589191,0.00375570029887152,490/2495/2512,3,Monocytes,Up
Human Diseases,Infectious disease: viral,hsa05167,Kaposi sarcoma-associated herpesvirus infection,4/18,196/9396,0.0204081632653061,10.6530612244898,5.98313377609378,4.4670661521517e-4,0.00842142657651153,0.00590977303614844,3091/4067/3133/3107,4,Monocytes,Up
Human Diseases,Infectious disease: viral,hsa05169,Epstein-Barr virus infection,4/18,204/9396,0.0196078431372549,10.2352941176471,5.84238721785492,5.1984114669824e-4,0.00842142657651153,0.00590977303614844,4067/3133/3107/567,4,Monocytes,Up
Human Diseases,Immune disease,hsa05330,Allograft rejection,2/18,39/9396,0.0512820512820513,26.7692307692308,7.06472032833322,0.00246299984531114,0.027645628978461,0.0194004413883937,3133/3107,2,Monocytes,Up
Human Diseases,Endocrine and metabolic disease,hsa04940,Type I diabetes mellitus,2/18,44/9396,0.0454545454545455,23.7272727272727,6.61989259498076,0.00312662925859417,0.027645628978461,0.0194004413883937,3133/3107,2,Monocytes,Up
Cellular Processes,Cell growth and death,hsa04217,Necroptosis,3/18,159/9396,0.0188679245283019,9.84905660377358,4.93014388267289,0.0032191520433222302,0.027645628978461,0.0194004413883937,3320/2495/2512,3,Monocytes,Up
Human Diseases,Immune disease,hsa05332,Graft-versus-host disease,2/18,45/9396,0.0444444444444444,23.2,6.53972872069524,0.00326834849047062,0.027645628978461,0.0194004413883937,3133/3107,2,Monocytes,Up
Metabolism,Metabolism of cofactors and vitamins,hsa00860,Porphyrin metabolism,2/18,46/9396,0.0434782608695652,22.695652173913,6.46212494120139,0.00341304061462482,0.027645628978461,0.0194004413883937,2495/2512,2,Monocytes,Up
Human Diseases,Immune disease,hsa05320,Autoimmune thyroid disease,2/18,54/9396,0.037037037037037,19.3333333333333,5.91899419141578,0.00467633329703619,0.0317789589310707,0.0223010238112777,3133/3107,2,Monocytes,Up
Human Diseases,Infectious disease: viral,hsa05168,Herpes simplex virus 1 infection,3/18,182/9396,0.0164835164835165,8.6043956043956,4.5384318955705,0.00470799391571418,0.0317789589310707,0.0223010238112777,3133/3107/567,3,Monocytes,Up
Human Diseases,Cancer: overview,hsa05203,Viral carcinogenesis,3/18,205/9396,0.0146341463414634,7.6390243902439,4.21045802557639,0.00655722287815589,0.0386064452592268,0.0270922422871767,4067/3133/3107,3,Monocytes,Up
Human Diseases,Infectious disease: viral,hsa05170,Human immunodeficiency virus 1 infection,3/18,213/9396,0.0140845070422535,7.35211267605634,4.10813998039021,0.00728908967198846,0.0386064452592268,0.0270922422871767,3133/3107/567,3,Monocytes,Up
Human Diseases,Cardiovascular disease,hsa05416,Viral myocarditis,2/18,70/9396,0.0285714285714286,14.9142857142857,5.11907817543295,0.0077503028237152,0.0386064452592268,0.0270922422871767,3133/3107,2,Monocytes,Up
Human Diseases,Infectious disease: bacterial,hsa05120,Epithelial cell signaling in Helicobacter pylori infection,2/18,71/9396,0.028169014084507,14.7042253521127,5.07795416198421,0.00796593379171449,0.0386064452592268,0.0270922422871767,102/4067,2,Monocytes,Up
Human Diseases,Infectious disease: viral,hsa05166,Human T-cell leukemia virus 1 infection,3/18,224/9396,0.0133928571428571,6.99107142857143,3.97581359306089,0.00837250165680505,0.0386064452592268,0.0270922422871767,3133/3107/567,3,Monocytes,Up
Human Diseases,Infectious disease: viral,hsa05163,Human cytomegalovirus infection,3/18,226/9396,0.0132743362831858,6.92920353982301,3.95271445119183,0.00857921005760596,0.0386064452592268,0.0270922422871767,3133/3107/567,3,Monocytes,Up
Organismal Systems,Immune system,hsa04612,Antigen processing and presentation,6/31,81/9396,0.0740740740740741,22.4516129032258,11.1554316492005,2.10930741231538e-7,3.39598493382776e-5,2.66438831029311e-5,3320/3303/567/3106/3312/3105,6,NK cells,Up
Genetic Information Processing,"Folding, sorting and degradation",hsa04141,Protein processing in endoplasmic reticulum,6/31,171/9396,0.0350877192982456,10.634974533107,7.315445634231,1.67971982226763e-5,0.00135217445692544,0.00106087567722166,3320/3303/3337/3312/10808/4780,6,NK cells,Up
Human Diseases,Infectious disease: bacterial,hsa05134,Legionellosis,4/31,56/9396,0.0714285714285714,21.6497695852535,8.91684328132436,3.15912837272665e-5,0.0016953988933633,0.00133015931483227,3303/3312/3329/1195,4,NK cells,Up
Human Diseases,Cardiovascular disease,hsa05417,Lipid and atherosclerosis,6/31,216/9396,0.0277777777777778,8.41935483870968,6.34668619224853,6.2671063739436e-5,0.0025225103155123,0.00197908622335061,3320/3303/3312/3329/5295/4780,6,NK cells,Up
Human Diseases,Endocrine and metabolic disease,hsa04940,Type I diabetes mellitus,3/31,44/9396,0.0681818181818182,20.6656891495601,7.52243783680705,3.9301451990417e-4,0.0126550675409143,0.00992878787126325,3106/3329/3105,3,NK cells,Up
Organismal Systems,Immune system,hsa04650,Natural killer cell mediated cytotoxicity,4/31,134/9396,0.0298507462686567,9.04766490129995,5.39815367010124,9.2306060869982e-4,0.0216974369624504,0.0170231607420336,3106/2534/5295/3105,4,NK cells,Up
Organismal Systems,Endocrine system,hsa04915,Estrogen signaling pathway,4/31,139/9396,0.0287769784172662,8.72220932931075,5.27702542455725,0.00105825514167532,0.0216974369624504,0.0170231607420336,3320/3303/3312/5295,4,NK cells,Up
Organismal Systems,Aging,hsa04213,Longevity regulating pathway - multiple species,3/31,62/9396,0.0483870967741935,14.6659729448491,6.21123343260218,0.00107813351366213,0.0216974369624504,0.0170231607420336,3303/3312/5295,3,NK cells,Up
Cellular Processes,Transport and catabolism,hsa04144,Endocytosis,5/31,252/9396,0.0198412698412698,6.01382488479263,4.64169576293322,0.00127999495092391,0.0228976874554167,0.017964841416476,3303/3106/3312/79720/3105,5,NK cells,Up
Human Diseases,Cardiovascular disease,hsa05416,Viral myocarditis,3/31,70/9396,0.0428571428571429,12.9898617511521,5.7928307285819,0.00153289571219851,0.024679620966396,0.019362893206718,3106/2534/3105,3,NK cells,Up
Human Diseases,Infectious disease: viral,hsa05168,Herpes simplex virus 1 infection,4/31,182/9396,0.021978021978022,6.66146756469337,4.43727108579875,0.00284711581276777,0.0416714223505101,0.0326941528738883,567/3106/5295/3105,4,NK cells,Up
Human Diseases,Substance dependence,hsa05032,Morphine addiction,3/31,91/9396,0.032967032967033,9.99220134704006,4.95911156208429,0.00324658083026474,0.043558292806052,0.0341745350554184,5144/5150/5140,3,NK cells,Up
Human Diseases,Infectious disease: viral,hsa05167,Kaposi sarcoma-associated herpesvirus infection,4/31,196/9396,0.0204081632653061,6.18564845292956,4.22097268655093,0.0037172164351681,0.046036295850928,0.0361187022040625,3106/5295/9976/3105,4,NK cells,Up
Human Diseases,Infectious disease: viral,hsa05169,Epstein-Barr virus infection,4/31,204/9396,0.0196078431372549,5.94307400379507,4.1066012647998,0.00428810845181442,0.0493132471958659,0.0386897003171226,567/3106/5295/3105,4,NK cells,Up
Organismal Systems,Digestive system,hsa04971,Gastric acid secretion,2/6,76/9396,0.0263157894736842,41.2105263157895,8.89671787595407,9.4839083215249e-4,0.0274542195276626,0.0237993234295527,7430/483,2,Plasma cells,Up
Organismal Systems,Immune system,hsa04612,Antigen processing and presentation,2/6,81/9396,0.0246913580246914,38.6666666666667,8.60596330308608,0.00107663605990834,0.0274542195276626,0.0237993234295527,567/3320,2,Plasma cells,Up
Cellular Processes,Cell motility,hsa04820,Cytoskeleton in muscle cells,4/13,232/9396,0.0172413793103448,12.4615384615385,6.57951041161861,2.1729502196214e-4,0.0210776171303283,0.016926138552841,1282/483/7057/60,4,Smooth muscle,Up
