"","p_val","avg_log2FC","pct.1","pct.2","p_val_adj"
"HSP90AA1",1.12532667930168e-09,11.2767770026129,0.677,0,2.834585372493e-05
"TSIX",4.5635279637513e-08,-9.00220182282395,0,0.659,0.00114950705878932
"XIST",4.74856922792228e-07,-8.403706119057,0,0.585,0.0119611710282134
"UTY",8.72409535265977e-07,8.9542588573807,0.484,0,0.0219751237838147
"EIF4G3",3.78717446247094e-06,-4.50741387207339,0.032,0.561,0.0953951375351804
"IFI44L",4.36379665102413e-05,8.38325724844858,0.355,0,1
"GNG7",6.26324866549787e-05,1.94492079774127,0.742,0.463,1
"RALGPS2",6.42666146231139e-05,-1.68415600756117,0.419,0.829,1
"SIPA1L1",0.000184506596325319,2.04591164959629,0.742,0.512,1
"POU2F2",0.00018618700371723,-2.99083621301979,0.065,0.488,1
"CD55",0.000187654170855106,4.04196354067876,0.419,0.073,1
"APBB1IP",0.000230610191102467,-1.59768626746168,0.065,0.512,1
"FLI1",0.000256781583368345,-1.40797211267226,0.065,0.512,1
"B2M",0.000288195247484518,3.42790845521291,0.419,0.073,1
"NEAT1",0.000301331359248309,2.51547257953446,0.677,0.39,1
"SMCHD1",0.000341668177835897,1.83785698871917,0.774,0.659,1
"MT-CYB",0.000371448785464312,-3.42477151996516,0.032,0.415,1
"WDR70",0.000393174279327003,-3.22871804689391,0.032,0.415,1
"SARAF",0.000424794630128991,4.95820280176941,0.323,0.024,1
"MT-CO1",0.000440634074524344,-1.30595831999966,0.129,0.585,1
"AP001011.1",0.000443878369415028,2.46702962028736,0.71,0.439,1
"SP100",0.000477129351683604,-1.55676638701933,0.258,0.707,1
"AC079793.1",0.000477376354747647,-1.72709180099211,0.161,0.61,1
"AL592429.2",0.000542672965465411,-2.67975153078507,0.129,0.537,1
"TXNIP",0.000591404625147507,-2.39695968710026,0.097,0.488,1
"AC007381.1",0.000653631968653162,-7.15325233967854,0,0.317,1
"HSPA1A",0.000654743441380215,7.29384087002796,0.258,0,1
"KMT2C",0.000988618404173935,1.71669411178193,0.645,0.341,1
"ESYT2",0.00106721275996484,5.1380773745814,0.29,0.024,1
"HSPH1",0.00106721275996484,5.35962059892256,0.29,0.024,1
"C22orf34",0.00114494469625185,-4.76178879326363,0.032,0.341,1
"ERICH1",0.00115411599299472,-7.01060101207,0,0.293,1
"SNX25",0.00122177473022708,2.89602237278515,0.452,0.146,1
"CCDC50",0.0014586319214909,-2.56135742525214,0.065,0.415,1
"BACH2",0.00147718643287183,2.15202566020138,0.71,0.439,1
"ERC1",0.00147733424820224,-1.55713187679579,0.161,0.585,1
"KHDRBS2",0.0015585401445491,7.23768740904773,0.226,0,1
"MORF4L2",0.0015585401445491,7.03629058584771,0.226,0,1
"USP9Y",0.0015585401445491,7.37241563212491,0.226,0,1
"BANK1",0.00165316010274345,-1.01287328062037,0.581,0.878,1
"AC119396.1",0.00178730708264854,-2.01334736695023,0.097,0.463,1
"EZR",0.0019625677232516,1.85313406140242,0.645,0.439,1
"SYK",0.00197577460439793,-1.61848755137576,0.226,0.634,1
"AC008691.1",0.00201373247711466,-6.64774485838138,0,0.268,1
"AC087854.1",0.00233470903867737,-2.72933612310316,0.032,0.341,1
"PREX1",0.00255340049966317,-2.2207456375962,0.097,0.439,1
"HIST1H2AC",0.0026244750697953,5.23243431522509,0.258,0.024,1
"SENP6",0.00273476693875283,-2.3379730771131,0.097,0.415,1
"CPED1",0.00273599766557587,-3.6780590669109,0.032,0.317,1
"RIN3",0.00280062086822128,3.91596494848276,0.258,0.024,1
"ARHGEF18",0.00307355369459457,-1.97228179120624,0.097,0.439,1
"SYTL3",0.00318569296916707,4.35917022261547,0.258,0.024,1
"ACYP2",0.00347495093078748,-7.04084501504501,0,0.244,1
"COL4A4",0.00347495093078748,-6.81686866871568,0,0.244,1
"MEF2C-AS2",0.00347495093078748,-6.25525671956468,0,0.244,1
"BICRAL",0.00347495093078748,-6.55253651081829,0,0.244,1
"IL7",0.00347495093078748,-6.67458324444941,0,0.244,1
"SSPN",0.00347495093078748,-6.66400634459248,0,0.244,1
"VAV1",0.00347495093078748,-6.60399300919863,0,0.244,1
"MT-ND6",0.00347495093078748,-6.40318551024879,0,0.244,1
"WIPF1",0.00352478195263397,-1.69288556806741,0.097,0.439,1
"MICAL3",0.00361598243260128,-1.93512677079051,0.161,0.512,1
"JPX",0.00370508628604784,-2.4885196086027,0.065,0.366,1
"PPP1R16B",0.00381101606396819,-2.30358063222693,0.129,0.439,1
"RAP1GDS1",0.00388981651670763,-2.46318405864207,0.065,0.366,1
"INPP5D",0.00390831860215316,-1.09103129449323,0.29,0.707,1
"ATP8B1",0.00403643826730297,-1.70181535686221,0.097,0.439,1
"ZBTB16",0.00436834756603356,2.63701631343551,0.258,0.024,1
"IGF2R",0.00438915545950132,2.73919772908398,0.323,0.073,1
"ZEB1",0.00494146926758725,2.29445644200007,0.484,0.244,1
"ADD3",0.00494512184855059,-1.54637242605948,0.065,0.366,1
"ARID4B",0.00518519933794268,1.34970158642197,0.645,0.439,1
"ARHGAP15",0.00521328766752318,-0.752049671258685,0.548,0.854,1
"ETS1",0.00527747622673235,-2.63063426868057,0.065,0.341,1
"SEC31A",0.00542048919345145,-2.94798138976682,0.032,0.293,1
"TGFBR2",0.00549265622840326,-1.53375713710723,0.194,0.537,1
"INSYN2B",0.00580967191187307,-2.59655605397183,0.065,0.341,1
"PHYKPL",0.00593484107790613,-6.57258726149521,0,0.22,1
"ANGPTL1",0.00593605522426394,-6.36478440884794,0,0.22,1
"ERAP2",0.00593605522426394,-6.29139143465641,0,0.22,1
"AC022239.1",0.00593605522426394,-6.32566960430637,0,0.22,1
"SLA",0.00593605522426394,-6.02376177583532,0,0.22,1
"DENND4C",0.00593605522426394,-6.16658095799649,0,0.22,1
"NEK6",0.00593605522426394,-6.23138164489276,0,0.22,1
"ZNF652",0.00593605522426394,-6.53128184779709,0,0.22,1
"MYO1F",0.00593605522426394,-6.30657705613938,0,0.22,1
"SHLD1",0.00593605522426394,-6.63437249302077,0,0.22,1
"PIK3R5",0.00601327510340639,-2.81329949742595,0.032,0.293,1
"PPP3CA",0.0060745454648177,-1.47084969220255,0.226,0.561,1
"FUT8",0.00624411868518513,-1.65335873107715,0.129,0.463,1
"B4GALT1",0.00632465673942453,3.94754468095288,0.226,0.024,1
"CNR2",0.00633245870583024,-2.36244207467595,0.032,0.293,1
"AC008014.1",0.00643636452715865,-1.52945674852354,0.161,0.512,1
"IMMP2L",0.00657538590777366,-1.40361773768723,0.226,0.537,1
"RIPOR2",0.00675066416243889,-0.756771041331125,0.323,0.756,1
"ARID5B",0.00695282148857953,1.74446680301118,0.71,0.561,1
"SMYD3",0.00697201394731036,-1.65007607789513,0.129,0.439,1
"AKNA",0.00735704074725685,-2.18247713527037,0.065,0.341,1
"EIF2AK3",0.00808079204329245,2.63570825156709,0.419,0.195,1
"IKZF1",0.00811720490662736,-1.17165884209789,0.323,0.659,1
"LY9",0.0083261304178481,3.67625871296455,0.258,0.049,1
"RBM6",0.00841204528827819,-0.737250923035188,0.29,0.683,1
"PXK",0.00846831571103929,-2.24575682013458,0.097,0.39,1
"CERS4",0.00858836649845682,-3.0327770487724,0.032,0.268,1
"SMAP2",0.00891312753170509,1.1239366400784,0.774,0.537,1
"SIK3",0.00894840749822114,0.867103088275735,0.742,0.512,1
"NOTCH2",0.00901686231670361,-2.47279461518897,0.065,0.317,1
"AL133259.1",0.00917675980036709,2.96262371859695,0.226,0.024,1
"BLK",0.00947636938839239,-1.46003578020062,0.258,0.561,1
"ADD1",0.0095148592353546,-2.83468797191347,0.032,0.268,1
"TTN",0.00979326509927444,-1.09704575054652,0.194,0.561,1
"LINC01237",0.0100914057368069,-0.983135435830117,0.129,0.439,1
"DAPP1",0.0103654880359238,-2.68628010799764,0.065,0.317,1
"MARCH1",0.010468730126609,-0.993194313218523,0.355,0.707,1
"NCOR1",0.0111627828197773,-1.49066416500787,0.194,0.512,1
"SCAPER",0.0111669081910156,-1.79380260031832,0.097,0.39,1
"GNA12",0.0113624466907003,-2.30110250085539,0.065,0.317,1
"IKZF3",0.0113786763865508,-1.51154130955181,0.129,0.439,1
"EPC2",0.0116392009188523,-2.02897108470286,0.032,0.268,1
"SF3B1",0.011893502153326,-2.27729015076056,0.065,0.317,1
"ARHGAP24",0.0128137520579098,-0.742361902222784,0.581,0.829,1
"FNDC3B",0.0128514966997487,2.79360146920566,0.29,0.073,1
"DDX46",0.0134901842682171,-3.1310160798679,0.032,0.244,1
"NUBPL",0.0134901842682171,-3.39708199494529,0.032,0.244,1
"FCMR",0.0142378960048776,-1.82819864115909,0.065,0.317,1
"OFD1",0.0155562760391567,-1.66866314650629,0.065,0.317,1
"AGO3",0.015689391806748,-2.82966043115279,0.032,0.244,1
"RAP1B",0.0161535876845775,1.68147604651032,0.387,0.171,1
"TNRC6A",0.0162548804155744,-0.946931754492636,0.065,0.317,1
"MARCH3",0.017323023601482,-2.14174043730059,0.032,0.244,1
"DNAJB14",0.0173253183416439,-2.20354364094131,0.032,0.244,1
"COA1",0.0173253183416439,-1.98889199707718,0.032,0.244,1
"RNF111",0.0173253183416439,-2.10028929023541,0.032,0.244,1
"RALY",0.0181980152644306,-2.26282000382149,0.032,0.244,1
"PI4K2B",0.0185016129018223,3.51834355328892,0.226,0.049,1
"AVL9",0.0185187671225853,-1.16033241871848,0.065,0.317,1
"TBC1D22A",0.0189383369995888,-1.08722267902218,0.419,0.732,1
"FOXN2",0.019108964380463,-1.78620607147801,0.032,0.244,1
"KLHL14",0.019108964380463,-1.93873009297583,0.032,0.244,1
"SKAP2",0.0194357281119209,-1.55063372046506,0.129,0.415,1
"INPP4B",0.0195105393238947,3.39867135072071,0.226,0.049,1
"DDX17",0.0195516345109506,-1.31666833056902,0.226,0.488,1
"RCSD1",0.0197408369920874,-0.859935066830971,0.258,0.61,1
"BOD1L1",0.0202442860940082,-1.75450902086136,0.097,0.341,1
"H3F3A",0.0205672020146444,3.27328858613048,0.226,0.049,1
"TNFAIP8",0.0208940302691436,-0.512997876948683,0.29,0.659,1
"ARL15",0.0210819105769469,-1.73129213756803,0.097,0.341,1
"ATR",0.0221005580699259,-3.0795317401217,0.032,0.22,1
"SNX9",0.0225372482216904,1.70400459773142,0.452,0.22,1
"MT-ND4",0.0226172129489595,-1.10820069439103,0.065,0.293,1
"TOX",0.0230734609729061,-2.52314119188018,0.065,0.268,1
"PALM2-AKAP2",0.0243977957101752,-2.82596106576697,0.032,0.22,1
"LINC01619",0.0243977957101752,-2.69494584746921,0.032,0.22,1
"PLCG2",0.0244538779411147,0.821246752458444,0.71,0.683,1
"PNN",0.024645295611531,-1.52698086256777,0.065,0.293,1
"GALNT10",0.0247415284436963,-1.8489943639232,0.097,0.341,1
"TMEM131L",0.0248071102522266,-0.647501364030302,0.258,0.61,1
"ADAM19",0.0253976722459038,-1.44309407959512,0.194,0.463,1
"EVI5",0.0256220912355956,-2.63125348652015,0.032,0.22,1
"AC092546.1",0.0256220912355956,-2.65843922832604,0.032,0.22,1
"ZBTB1",0.0256220912355956,-2.77811331667189,0.032,0.22,1
"CLMN",0.0256220912355956,-2.72261867511393,0.032,0.22,1
"POGZ",0.025717143266255,-1.34342653542982,0.065,0.293,1
"SP140L",0.025717143266255,-1.39095514990366,0.065,0.293,1
"DDX39B",0.025717143266255,-1.48965452174601,0.065,0.293,1
"ANKRD11",0.0258294178448423,0.849489363490471,0.645,0.512,1
"UBR2",0.0259531920913803,1.84001007289018,0.323,0.122,1
"SMIM14",0.0268290746750208,-1.29977557922617,0.065,0.293,1
"MAP3K2",0.0268991749196806,-2.40235394150807,0.032,0.22,1
"ZDHHC14",0.0268991749196806,-2.74549675333749,0.032,0.22,1
"GALNT2",0.0270111963811322,2.83496052281118,0.323,0.146,1
"PELI1",0.0270434200334739,2.74010455346826,0.323,0.122,1
"EXOC4",0.0274475369486408,-0.573392397029632,0.258,0.585,1
"SS18",0.027497015519054,-2.13594786789303,0.065,0.268,1
"PHC3",0.027556570790989,-1.81712516735294,0.097,0.317,1
"FNDC3A",0.027556570790989,-1.20993421450562,0.097,0.317,1
"NFATC3",0.0279822763354828,-1.23233594907793,0.065,0.293,1
"EP300",0.0279822763354828,-0.843675324973678,0.065,0.293,1
"TYW1",0.0282308463589547,-2.72902625666616,0.032,0.22,1
"STAT5B",0.0282308463589547,-2.3602356143899,0.032,0.22,1
"PNISR",0.0293488089974156,-0.960140024092001,0.258,0.561,1
"TRAF5",0.0301712349150848,-1.28379413710298,0.129,0.39,1
"RASGRP3",0.0310323125376725,-1.66225783347887,0.097,0.317,1
"AC060234.3",0.0310653356422858,-1.62388484204207,0.032,0.22,1
"XRRA1",0.0310653356422858,-1.60863054790467,0.032,0.22,1
"RASSF2",0.0310653356422858,-2.07521786646689,0.032,0.22,1
"PKIG",0.0310653356422858,-2.07292855249943,0.032,0.22,1
"FAF1",0.0310771238301276,-0.90576974922675,0.129,0.366,1
"SAMD12",0.0312779714195043,-1.7948346361186,0.065,0.268,1
"RAD51B",0.0312779714195043,-2.29777689569718,0.065,0.268,1
"CYTIP",0.0312848305703377,0.575900565493451,0.387,0.195,1
"LUC7L3",0.0321553634070254,-0.683006834039569,0.29,0.61,1
"CCDC18-AS1",0.0322716058921069,-1.87150842074252,0.097,0.317,1
"MEF2C-AS1",0.03263368093432,-1.47814650891161,0.065,0.268,1
"L3MBTL3",0.03263368093432,-2.04008027154589,0.065,0.268,1
"ANKRD12",0.032841772408986,1.53312276914412,0.484,0.366,1
"SCAF11",0.033169454960819,-0.944984793744015,0.161,0.439,1
"MYCBP2",0.0333873377904953,-0.786518220334845,0.323,0.659,1
"PTK2B",0.0334409183589105,-1.77196895514525,0.129,0.366,1
"DNM2",0.0340394062368887,-1.6263103769011,0.065,0.268,1
"AFF3",0.034165262183831,-0.459688127020056,0.742,0.951,1
"MT-ND2",0.0354965735090028,-1.24201348923929,0.065,0.268,1
"MARK3",0.0355036706794041,-0.92179297145901,0.161,0.439,1
"USP8",0.0362469506960039,-1.5768441101188,0.097,0.317,1
"ITCH",0.0362469506960039,-1.43815293600656,0.097,0.317,1
"PARP14",0.036363972671738,-1.07567169417473,0.226,0.488,1
"AP002075.1",0.0365629465405308,-0.751500493211241,0.258,0.561,1
"OSBPL10",0.0375401944078344,-0.275308861511491,0.355,0.829,1
"PRPF38B",0.0376616442835008,-1.50137279812018,0.097,0.317,1
"STK38",0.038072089972046,2.71231707141792,0.29,0.122,1
"SMC6",0.0385710485801088,-1.33889788608229,0.065,0.268,1
"AC023590.1",0.0385710485801088,-1.1253340815427,0.065,0.268,1
"RASSF3",0.0391200688602005,-1.41734901028999,0.097,0.317,1
"CFLAR",0.0391230448916269,-1.4808242784099,0.097,0.317,1
"AC010894.3",0.0395311298988739,-2.35536560422951,0.065,0.244,1
"CCAR1",0.0401913171896231,-0.823234541078896,0.065,0.268,1
"MT-CO2",0.041885084885628,-1.80120977489328,0.097,0.293,1
"FOXP1",0.0421884370062191,1.06439585598423,0.774,0.707,1
"PRDM2",0.0423357166360399,1.41433108708379,0.516,0.39,1
"RSBN1L",0.0429871918509177,3.2712226915407,0.226,0.073,1
"TTC17",0.0438997485746687,-0.857664709363782,0.258,0.561,1
"USP48",0.04462283722786,1.59230718047187,0.323,0.146,1
"FAM117B",0.0448504159556129,-2.01638168215155,0.065,0.244,1
"RAP1A",0.0450447278924583,-1.30862558285404,0.161,0.39,1
"UBE2H",0.0463959607361708,2.24577313886188,0.29,0.122,1
"BDP1",0.0467526032111521,-1.55600736906581,0.065,0.244,1
"AC009554.1",0.0467526032111521,2.08108396222306,0.258,0.098,1
"TET3",0.047032687130992,2.86755494078242,0.226,0.073,1
"ARAP2",0.0471688736490667,-0.730637844679396,0.097,0.317,1
"SCFD1",0.0482327353256364,1.67274469561494,0.29,0.122,1
"ASB3",0.0487222276803998,-1.55033263323197,0.065,0.244,1
"NEK7",0.04984302872859,1.6524599242292,0.323,0.146,1
"DNAJC10",0.0507610542705042,-1.85933122770623,0.065,0.244,1
"SPIDR",0.0509291156232066,-0.581406827691868,0.258,0.561,1
"ERBIN",0.0513011939513512,-0.864508200179294,0.226,0.488,1
"AFF4",0.0523898965211205,1.9201006560059,0.323,0.171,1
"MKLN1",0.0525542848855644,1.47357527716542,0.419,0.268,1
"MAPKAP1",0.0528708666756099,-1.90438229462894,0.065,0.244,1
"PAG1",0.0536982560987602,2.1403263405224,0.226,0.073,1
"CCNH",0.054621624514901,-1.36521285020184,0.129,0.341,1
"MAP3K5",0.0546802915154638,-0.865896452185738,0.129,0.366,1
"RFTN1",0.0550534663631408,1.86703606379937,0.258,0.098,1
"MDFIC",0.057310671502597,-1.3212791720429,0.065,0.244,1
"USP6NL",0.0584961129334941,-1.06284137623929,0.129,0.341,1
"LCP1",0.0596394497726047,-1.250834121182,0.065,0.244,1
"ARID1A",0.0596443158365466,-1.63967153842641,0.065,0.244,1
"ARHGAP17",0.0597749692418906,-0.597824881998817,0.161,0.415,1
"RPS6KA5",0.0605173721978951,-1.1955189072186,0.129,0.341,1
"PABPC1",0.0611347400299653,1.65397466166322,0.226,0.073,1
"TOP1",0.0615495090301036,1.45789084605128,0.355,0.171,1
"SMAD2",0.0628734151204107,-1.58478770028138,0.097,0.268,1
"ARHGAP25",0.0640653315211884,-0.686143763628366,0.226,0.463,1
"CDK19",0.0645483277431679,-1.23592236487211,0.065,0.244,1
"FBXW4",0.0645483277431679,-1.30932831352633,0.065,0.244,1
"MAN1A1",0.068659007160108,1.28051551227843,0.323,0.146,1
"RPTOR",0.0691074610685165,1.68633636798892,0.323,0.171,1
"MT-CO3",0.0715062011502422,-0.732059359401756,0.129,0.341,1
"SFMBT2",0.0720451046542157,1.27355046339184,0.387,0.22,1
"LINC01184",0.0721101508284961,-1.75787411300233,0.065,0.22,1
"ATRN",0.0721101508284961,-2.28578563783756,0.065,0.22,1
"CENPC",0.0727579728350465,-0.386561514890574,0.097,0.293,1
"NEDD9",0.0764082533155078,-0.993645925998502,0.129,0.317,1
"MANBA",0.0780540430732498,-1.92331939460674,0.065,0.22,1
"STK17A",0.0790302239557506,-0.436650599577027,0.161,0.39,1
"EPS15",0.0795300690413249,1.56351901684506,0.419,0.293,1
"ARPC2",0.0807147027201932,1.74440416561991,0.258,0.122,1
"BIRC3",0.0807617738486741,1.96378864280668,0.29,0.146,1
"GLG1",0.081004287598425,-1.51459517446421,0.097,0.268,1
"PHF3",0.0810094043221639,-1.24603107313671,0.097,0.268,1
"SIMC1",0.081172270885212,-1.59787042050156,0.065,0.22,1
"TMOD3",0.081172270885212,-1.43241210722606,0.065,0.22,1
"COMMD10",0.0813283496164139,-1.00848596641519,0.194,0.39,1
"CTSS",0.0816236585343806,-1.1440313233264,0.129,0.317,1
"CEMIP2",0.0834992327501912,1.50474886557102,0.355,0.195,1
"ZSWIM6",0.08433535764671,1.49717427817389,0.323,0.171,1
"TBCK",0.0843908625114278,-1.54702628990796,0.065,0.22,1
"PARG",0.0843908625114278,-1.47788062130197,0.065,0.22,1
"HNRNPM",0.0868069812102117,-0.25540074168803,0.129,0.341,1
"XAF1",0.0875969221809031,1.18750640374485,0.258,0.098,1
"AOPEP",0.0877119521712664,-1.43042401433265,0.065,0.22,1
"STAMBPL1",0.0877119521712664,-1.71276249874274,0.065,0.22,1
"SMAD4",0.0877119521712664,-1.38788823934849,0.065,0.22,1
"MALAT1",0.0880310099247418,0.329912468313884,1,1,1
"MAP4K4",0.0882060531031478,1.59219978811332,0.452,0.366,1
"PRRC2C",0.0890941181952297,1.20974896357518,0.484,0.39,1
"P2RY8",0.0895963799214188,-0.580330717435142,0.129,0.341,1
"N4BP2L2",0.0899553329997842,-1.38305119205263,0.129,0.293,1
"PRKD2",0.0899851097291602,-1.27475567168764,0.097,0.268,1
"DENND5B",0.0909746267879841,-0.74271801917986,0.194,0.415,1
"EP400",0.09113103721973,-1.36857998808097,0.065,0.22,1
"ENTPD1-AS1",0.0911376733371688,-1.20960842440438,0.065,0.22,1
"HUWE1",0.0911376733371688,2.92738376908052,0.226,0.098,1
"FCHSD2",0.0917627836093744,-0.646196836125379,0.516,0.78,1
"LINC01473",0.0931490566842204,-0.297319800055539,0.097,0.268,1
"MED13",0.0946512575187642,1.60343095186402,0.355,0.244,1
"TMC6",0.0946701565660553,-1.38842405699948,0.065,0.22,1
"SEMA4D",0.0959192809037113,-0.902763799515607,0.129,0.317,1
"COPA",0.0959192809037113,1.33522185859115,0.323,0.171,1
"RAB7A",0.0964016669152739,-0.936862968069519,0.097,0.268,1
"CAB39",0.0983115272663266,-1.252142682559,0.065,0.22,1
"UIMC1",0.0983115272663266,-0.870240172400101,0.065,0.22,1
"R3HCC1L",0.0983115272663266,-0.826112658667973,0.065,0.22,1
"PPFIA1",0.0983115272663266,-0.96906652992209,0.065,0.22,1
"ZNF609",0.0983115272663266,-0.805715068983363,0.065,0.22,1
"STK4",0.0994955927495316,1.12378166496635,0.516,0.488,1
"CCND3",0.099534391895877,-0.715452548449563,0.484,0.659,1
"XPO1",0.100573203075689,-0.953722774111279,0.161,0.366,1
"PBRM1",0.102063903402181,-0.544700307257392,0.065,0.22,1
"AHNAK",0.102063903402181,-0.795868260504129,0.065,0.22,1
"CD37",0.102171229518372,-0.832816253317335,0.129,0.317,1
"ABHD18",0.103179186316393,-0.97001469495424,0.097,0.268,1
"ABCC1",0.103179186316393,-0.98427743371363,0.097,0.268,1
"ACTR3",0.103555356304744,1.72068806059399,0.258,0.122,1
"RAB30",0.103555356304744,1.59170501484247,0.258,0.122,1
"PDE7A",0.104481487113821,0.762400757174047,0.645,0.585,1
"ZDHHC21",0.105771778489552,-1.24434176984168,0.129,0.293,1
"TFEB",0.105929393137149,-0.889773274100488,0.065,0.22,1
"RELCH",0.105929393137149,-1.03819065340962,0.065,0.22,1
"TMC8",0.105929393137149,1.997387327756,0.226,0.098,1
"ANKRD13A",0.106701332974772,-0.420805672031225,0.097,0.268,1
"EDEM1",0.107195357611879,1.47904111313351,0.258,0.122,1
"OXSR1",0.107201633829478,1.4331301394904,0.258,0.122,1
"ELF1",0.10727993588128,1.4895165335936,0.387,0.244,1
"WDFY2",0.107880444307954,1.70584257632782,0.323,0.195,1
"AC027097.2",0.10823314227273,-0.552637004881938,0.226,0.439,1
"PDE4D",0.108258415109972,0.702580794010134,0.387,0.195,1
"KCNQ5",0.109185325961289,-1.24144213283943,0.129,0.293,1
"JARID2",0.109707118611298,0.792699202759663,0.452,0.268,1
"PRKCB",0.10982432869727,-0.49533166315639,0.613,0.854,1
"SLC25A26",0.109910092418935,1.73345897735902,0.226,0.098,1
"RUBCN",0.109910092418935,1.83503425540272,0.226,0.098,1
"BCLAF1",0.110330219649095,-0.771226872981125,0.097,0.268,1
"KMT2E",0.110814604772807,1.16219778257232,0.516,0.439,1
"PPP1R2",0.110919046686507,1.77639539831333,0.29,0.171,1
"RNF19A",0.110942501337251,1.56133077530117,0.258,0.122,1
"ZHX2",0.112546772525715,0.742517326378341,0.516,0.366,1
"MAN1A2",0.112685404623466,-1.28144035535829,0.129,0.293,1
"TRAPPC10",0.114049689575541,-0.652661712478022,0.097,0.268,1
"DIPK1A",0.115645268479704,-0.622509834758764,0.129,0.317,1
"BABAM2",0.116715954134494,-0.933427887854859,0.194,0.39,1
"NOP58",0.118225427451055,1.57251816465703,0.226,0.098,1
"DNAJB6",0.118225427451055,1.56445037924669,0.226,0.098,1
"SECISBP2L",0.118225427451055,1.6813764416087,0.226,0.098,1
"NLRC5",0.118268770333926,-0.77927387645363,0.161,0.341,1
"VPS13A",0.118753035756835,-1.21425850967738,0.097,0.244,1
"ALG13",0.118753035756835,-1.33119092001371,0.097,0.244,1
"CD53",0.120457117628938,-0.567777395471937,0.194,0.415,1
"EWSR1",0.122564171505976,1.35089949708099,0.226,0.098,1
"ZRANB2",0.123712243918159,-1.17871885182381,0.129,0.293,1
"WDPCP",0.12533827290681,-0.67913476769762,0.161,0.341,1
"ACBD6",0.12698115362481,-1.14851855680665,0.097,0.244,1
"CCM2",0.12698115362481,-1.21114428987384,0.097,0.244,1
"PHTF2",0.12698115362481,-1.2781044998746,0.097,0.244,1
"TRA2B",0.127026336514444,1.61790109279626,0.226,0.098,1
"TCF4",0.127543441177742,1.42205699476035,0.452,0.317,1
"UMAD1",0.127571429793761,-0.954682685716972,0.129,0.293,1
"MYO5A",0.12757721060447,-1.01616538705512,0.129,0.293,1
"RBM33",0.130296963239475,-0.692181772227617,0.194,0.39,1
"HIF1A-AS3",0.131258293394579,0.360427592312242,0.258,0.122,1
"DOCK8",0.137216205670788,-0.363531761724917,0.355,0.585,1
"LYN",0.137713234486384,0.540263953440881,0.71,0.78,1
"HMBOX1",0.137905870233027,1.02884630880251,0.355,0.22,1
"OGA",0.139718002637731,-0.952574543226086,0.129,0.293,1
"LYST",0.140139658936005,0.987864073894243,0.258,0.122,1
"TMLHE-AS1",0.140146744981666,-1.42869868152422,0.097,0.244,1
"ASCC3",0.142721947623192,-1.04376959212006,0.161,0.317,1
"CLASP2",0.143956718067839,-0.787409919237878,0.129,0.293,1
"PDE8A",0.144761190654601,1.19258458363653,0.258,0.122,1
"STAT4",0.145899005312442,2.0948131572766,0.226,0.122,1
"DDX10",0.146148707640914,1.16778333528757,0.226,0.098,1
"CARD11",0.147114474608389,0.473391738072096,0.484,0.317,1
"REV3L",0.148533177887545,1.518481993722,0.355,0.244,1
"MAP3K1",0.148904716239564,-0.364911198324843,0.323,0.61,1
"CSGALNACT1",0.148960896459002,-0.455933693611994,0.194,0.39,1
"RBM25",0.148960896459002,-0.464114881137011,0.194,0.39,1
"MYO1D",0.149334786014578,-1.26819500975372,0.129,0.268,1
"SH3BP5",0.150498734022419,1.4065565934366,0.29,0.171,1
"XRN2",0.150817325862484,1.80447835121277,0.226,0.122,1
"COP1",0.151073738242673,0.976388090883155,0.516,0.366,1
"TMEM131",0.151081375504527,-0.721999185829006,0.29,0.488,1
"SENP7",0.152729045062842,-0.638273562052985,0.129,0.293,1
"RESF1",0.152729045062842,-0.777125620558553,0.129,0.293,1
"FBXW7",0.15314667473431,1.36586416196814,0.419,0.317,1
"SIPA1L3",0.154834564205761,0.701504467584237,0.484,0.366,1
"CEP192",0.155861009913676,-1.5140411530105,0.097,0.22,1
"STAP1",0.155861009913676,1.94542817646677,0.226,0.122,1
"IRF8",0.156973705751922,-0.554844052890747,0.194,0.39,1
"ANKUB1",0.159303643157869,-0.650734277728128,0.097,0.244,1
"MALT1",0.159303643157869,-0.679020816276539,0.097,0.244,1
"FCRL5",0.15993402141354,0.643288498773969,0.323,0.171,1
"ZNF407",0.161902308612011,-0.599175376750855,0.129,0.293,1
"TASOR2",0.164389054980284,-0.705111353397235,0.097,0.244,1
"LINC01588",0.164389054980284,-0.667908484854874,0.097,0.244,1
"THADA",0.166635669653463,-0.503913619645035,0.129,0.293,1
"ATM",0.166784770259234,-0.429190380336618,0.323,0.561,1
"SNX29",0.167630476126191,-0.355490462844207,0.323,0.634,1
"SLC38A1",0.168136519386591,1.09248230994596,0.452,0.39,1
"SRSF4",0.168257845997367,-1.24627897603993,0.129,0.268,1
"ZFP36L2",0.169595791450435,-0.330379821836919,0.097,0.244,1
"TLE1",0.169595791450435,-0.653156827338593,0.097,0.244,1
"PAX5",0.170621677019415,-0.510884581225774,0.323,0.561,1
"RPS6KA2",0.171760128877965,-0.92084020363067,0.097,0.22,1
"RNF149",0.171760128877965,1.70508625618057,0.226,0.122,1
"WWOX",0.17217205724477,-0.707024665460246,0.258,0.415,1
"BMP2K",0.17345087768888,-0.885147443724626,0.194,0.341,1
"GPBP1",0.173681774055656,0.940840581502795,0.387,0.268,1
"MAP4K5",0.174925214482064,-0.603190024928594,0.097,0.244,1
"CELF2",0.176543479814014,-0.480824624988353,0.484,0.634,1
"FTO",0.177213090094581,-0.53190948829634,0.161,0.341,1
"WAC",0.177213090094581,1.28419115028961,0.323,0.22,1
"SNHG14",0.178063335267809,-0.564484323959152,0.226,0.39,1
"ZC3HAV1",0.178946985229991,1.01329195915974,0.29,0.171,1
"WDFY4",0.181555635156946,-0.716784419075282,0.355,0.561,1
"TTC7A",0.182972289118481,-0.37232342434869,0.194,0.39,1
"DENND3",0.183597454509982,-0.391340899044699,0.129,0.268,1
"MT-ND1",0.183604446822997,-1.02116713600972,0.129,0.268,1
"CSNK1A1",0.183604446822997,1.46335974111291,0.258,0.171,1
"CNTRL",0.183757598360772,-0.296626443913001,0.258,0.439,1
"ABR",0.185136250535561,1.2891606729188,0.258,0.146,1
"FAM49A",0.185627542652557,1.06961061143111,0.323,0.195,1
"C12orf42",0.188941272999136,-1.00392860116291,0.129,0.268,1
"IFI16",0.190813021891624,0.712145876637916,0.387,0.293,1
"RAB10",0.191915172341796,-0.566470002640931,0.129,0.293,1
"CNOT6L",0.192376173146843,1.69379301648945,0.323,0.244,1
"PTPN1",0.194162882921846,-0.97227568153931,0.258,0.415,1
"HDAC9",0.195340563516495,-0.63165151918423,0.258,0.463,1
"MCTP2",0.197336320553074,1.71778154602469,0.323,0.244,1
"RICTOR",0.197423268740356,-0.733538529479399,0.194,0.366,1
"ITFG1",0.198810295689726,-0.385858557051897,0.226,0.439,1
"GTF2I",0.199956447504922,-0.649202662421822,0.129,0.268,1
"ZMYM2",0.199956447504922,-0.749763373690041,0.129,0.268,1
"TTC39C",0.200907849349544,-0.746083449962534,0.097,0.22,1
"TBC1D9",0.202053656771625,-1.34406324897983,0.129,0.244,1
"MON2",0.202556512297024,-0.423285436471599,0.226,0.415,1
"TAOK3",0.206126523305154,-0.966928003576894,0.258,0.366,1
"DYNC1H1",0.207147043764139,-0.644419318456679,0.097,0.22,1
"LONP2",0.207147043764139,-0.718337639089178,0.097,0.22,1
"INPP4A",0.207147043764139,1.62296805384046,0.226,0.122,1
"SREK1",0.207147043764139,1.36171207150594,0.226,0.122,1
"AP3B1",0.207453182462933,1.08488731839106,0.355,0.244,1
"FTX",0.208886127057773,-0.525822098064006,0.484,0.634,1
"YWHAZ",0.212501976207778,0.839095409311695,0.323,0.22,1
"LRRC8D",0.213525660494601,-0.84606852245102,0.097,0.22,1
"AKAP11",0.213525660494601,-0.859071135480506,0.097,0.22,1
"NUP210",0.213941335859895,0.846178130049444,0.258,0.146,1
"PIK3AP1",0.216758833786998,-0.803827582683507,0.097,0.22,1
"SCMH1",0.216976194519234,-1.12660492777201,0.161,0.268,1
"RAPGEF1",0.2176040776236,0.537450310815907,0.581,0.561,1
"IWS1",0.220044813758635,-0.893533816528385,0.097,0.22,1
"PDSS2",0.220044813758635,-0.601198861349787,0.097,0.22,1
"NSMCE2",0.223183172632216,-0.51462196149578,0.194,0.366,1
"RABGAP1",0.223348590283013,-0.806772097134155,0.097,0.22,1
"PIK3CD",0.223379103595954,-0.510496049768429,0.129,0.268,1
"TNKS",0.223379103595954,-0.353922407181344,0.129,0.268,1
"SRPK2",0.226188918980311,1.21201745066385,0.387,0.341,1
"PRPF4B",0.226705555111307,-0.584676242087111,0.097,0.22,1
"PLXNC1",0.226705555111307,-0.572053970572321,0.097,0.22,1
"DLEU2",0.228829470614857,-0.37364788498047,0.258,0.463,1
"POU2AF1",0.2295223791925,-0.570360504881401,0.129,0.268,1
"XKR6",0.230239750440978,-0.251717585466486,0.226,0.415,1
"ROCK1",0.231867113379821,0.795140145209089,0.387,0.268,1
"TNPO1",0.233508871095681,-0.480654250475119,0.097,0.22,1
"RUBCNL",0.234696276381451,1.76744868841696,0.323,0.244,1
"MAML2",0.236476413307201,-0.433323337689568,0.323,0.512,1
"GLS",0.237276750236252,-0.296725483180309,0.226,0.39,1
"TANK",0.240009239801019,0.782174220759834,0.387,0.268,1
"CD22",0.240446708360513,-0.546338572928633,0.097,0.22,1
"HERC3",0.24045568092309,-0.542105415535183,0.097,0.22,1
"SNX13",0.24045568092309,-0.39264431837681,0.097,0.22,1
"FKBP5",0.241158193164301,1.16819995936287,0.29,0.171,1
"HVCN1",0.242190549040396,-0.488748511027445,0.129,0.268,1
"CDC42SE2",0.245899969628631,0.885267699631014,0.548,0.537,1
"PUM1",0.247546834187297,-0.344386415969943,0.097,0.22,1
"UBE2B",0.247546834187297,-0.666676180203554,0.097,0.22,1
"HIF1A",0.247546834187297,0.62719620803694,0.226,0.122,1
"ATP2A3",0.248701898118976,-0.425102485709029,0.129,0.268,1
"HSH2D",0.249473670839667,-0.306934825205936,0.161,0.317,1
"DYRK1A",0.249691237621076,0.906552850955097,0.387,0.317,1
"PHKB",0.251952543081501,1.00640956186598,0.29,0.195,1
"GMDS-DT",0.252609141593815,-1.13670860432577,0.129,0.244,1
"SH3BGRL",0.255327112649095,1.416869174492,0.258,0.171,1
"ABHD15-AS1",0.255911345189445,1.66880375848786,0.226,0.146,1
"TNRC6B",0.25805888982985,0.404339049722934,0.806,0.78,1
"TRANK1",0.258330977067205,-0.67080246159296,0.161,0.293,1
"VTI1A",0.258699667757573,-0.711378641456639,0.226,0.366,1
"WDR33",0.259499864352775,-0.763310775174225,0.129,0.244,1
"DICER1",0.259499864352775,-0.752721225925534,0.129,0.244,1
"PLEKHA2",0.26086778833834,1.34680694174034,0.387,0.317,1
"SIDT1",0.263816532967078,-1.01504309365581,0.161,0.268,1
"RNF38",0.264974722380876,-0.717519330269766,0.194,0.317,1
"PCCA",0.266519676670256,-0.74738070637867,0.129,0.244,1
"GGNBP2",0.266519676670256,-0.730322434942444,0.129,0.244,1
"NUMB",0.268397673297419,1.07013115595532,0.29,0.22,1
"ELOVL5",0.269231494278414,-0.668913237469368,0.258,0.39,1
"VAV3",0.269248402110009,-0.709677731991585,0.226,0.341,1
"YTHDC1",0.270377174891831,1.47600194908604,0.226,0.146,1
"NCKAP1L",0.271414539187551,-0.462160718685421,0.161,0.293,1
"SYNE2",0.271421490396502,-0.301855600194566,0.161,0.293,1
"SH3KBP1",0.271421490396502,-0.595243557034344,0.161,0.293,1
"MSI2",0.274033120062856,1.27234621716864,0.387,0.39,1
"KDM6A",0.277638750564741,-0.386371876857391,0.226,0.39,1
"NLRP1",0.277644390834643,0.988850082143797,0.355,0.293,1
"ZNF644",0.278143299222243,1.03617243482146,0.355,0.317,1
"PRRC2B",0.280691235074471,-0.409255495252021,0.226,0.39,1
"SFPQ",0.280948431635507,-0.641560354832544,0.129,0.244,1
"DIS3L2",0.280948431635507,-0.677043342685871,0.129,0.244,1
"STIM2",0.280948431635507,-0.658898029623201,0.129,0.244,1
"TFEC",0.280948431635507,-0.574261903122639,0.129,0.244,1
"PARP8",0.283090176113594,1.2667066373899,0.258,0.171,1
"PICALM",0.285430253715932,0.699604257709522,0.452,0.439,1
"SEL1L3",0.286087576103649,0.808151963764429,0.581,0.634,1
"YTHDC2",0.287917521068999,-0.935275738291411,0.161,0.268,1
"MIGA1",0.288358148687316,-0.424940126100909,0.129,0.244,1
"SREBF2",0.288851584326045,0.659573224426878,0.452,0.39,1
"CHD7",0.289731796168786,-0.347895442575499,0.194,0.341,1
"GAB1",0.290337092554192,1.04102675730425,0.258,0.171,1
"RPS6KA3",0.293101240730812,1.17026261355004,0.226,0.146,1
"STX7",0.294401110672132,-0.387526677660587,0.29,0.463,1
"PCSK7",0.295898501190352,-0.343188035086508,0.129,0.244,1
"TCF25",0.300964610072615,1.14954699574279,0.226,0.146,1
"CRLF3",0.300964610072615,1.74330564099768,0.226,0.146,1
"ZNF292",0.303049904189359,-0.397890137448342,0.194,0.341,1
"BLNK",0.303561569275711,-0.465048865274097,0.129,0.244,1
"UBR3",0.30356971344082,-0.311745475937518,0.129,0.244,1
"CHPT1",0.30356971344082,-0.305726419994406,0.129,0.244,1
"CYFIP2",0.304552191889523,1.19387078852438,0.29,0.244,1
"PPP3R1",0.30455865858972,-0.32073736548099,0.194,0.317,1
"TRPM7",0.30455865858972,0.298249973296062,0.323,0.22,1
"SSH2",0.305279304610397,0.751927966435328,0.677,0.61,1
"NR3C1",0.317218919840245,-1.08388482567068,0.161,0.268,1
"CCSER1",0.317369535734125,-0.378617853675165,0.323,0.463,1
"CARMIL1",0.323588549895033,1.41373269515079,0.29,0.22,1
"MTR",0.325363125547305,-0.897007064886831,0.129,0.22,1
"CD83",0.325752722065299,0.336859494930684,0.323,0.22,1
"NCOA2",0.326574585170318,-0.37428557789816,0.29,0.439,1
"SOS1",0.328411395210948,-0.601622763754771,0.226,0.341,1
"ATAD2B",0.328431695461162,0.721748223205629,0.258,0.171,1
"PIAS2",0.333774198074795,-0.973922778776265,0.129,0.22,1
"KDM4C",0.33485771320859,-0.311103943768282,0.323,0.439,1
"EHMT1",0.336076081476867,0.796982007095408,0.355,0.293,1
"IQGAP2",0.336423091802237,1.03554077091307,0.258,0.171,1
"GATAD2B",0.336492146956333,1.39820425081304,0.258,0.195,1
"SHPRH",0.336492146956333,1.1798288196933,0.258,0.195,1
"FNBP1",0.338871348725285,0.655435278983596,0.548,0.61,1
"PTEN",0.339712127309324,1.67096362167083,0.226,0.171,1
"SNX2",0.339730983910114,0.86142939136814,0.29,0.195,1
"JAZF1",0.33994607269553,0.741376799449912,0.484,0.463,1
"MAP2K1",0.342324256007804,-0.373169320245893,0.129,0.22,1
"CAMK1D",0.345352728578571,-0.403388074459923,0.548,0.659,1
"LMBRD1",0.346111182230404,-0.479767773488565,0.258,0.39,1
"PRKCE",0.349386769967568,1.03676813572191,0.516,0.463,1
"MS4A1",0.350173471691352,0.720113281514279,0.355,0.268,1
"AC120193.1",0.351090702559489,0.257639210019855,0.258,0.439,1
"VPS37B",0.352441781980052,1.29969048247528,0.258,0.195,1
"PTPN2",0.353778336461818,0.959527584706706,0.29,0.22,1
"STK10",0.355467621927307,-0.38570025049112,0.194,0.317,1
"PAK2",0.356626471502167,1.6569261490402,0.226,0.171,1
"GRB2",0.357220638892121,-0.656507965315672,0.226,0.341,1
"HP1BP3",0.35984043624471,0.524982250191777,0.226,0.146,1
"KDM3B",0.360585819356067,0.791271127292417,0.258,0.195,1
"R3HDM2",0.363155554320342,-0.349224693545557,0.194,0.317,1
"UBE2E2",0.363763915636693,0.629800777911999,0.452,0.39,1
"SUCLG2",0.364672053323768,-0.630057734178037,0.226,0.341,1
"EPSTI1",0.364672053323768,1.04552381253593,0.323,0.268,1
"SP110",0.36486990191771,0.663512095116806,0.419,0.366,1
"CBLB",0.3650503386556,0.467176233991377,0.484,0.415,1
"ZNF148",0.370946712812399,-0.425547064596675,0.194,0.317,1
"TRAK1",0.372213683344742,-0.639768716155682,0.226,0.341,1
"SEPTIN7",0.373039925011746,-0.523679048671656,0.161,0.268,1
"CYBB",0.373039925011746,-0.376895976786884,0.161,0.268,1
"SOX5",0.374061949137765,2.10444395566725,0.226,0.171,1
"PTPRJ",0.374576184142383,-0.589520657884989,0.258,0.39,1
"DOCK2",0.376033999225614,0.342048506459653,0.548,0.537,1
"IQSEC1",0.377551444247979,0.936493445800049,0.29,0.22,1
"USP24",0.378840785036554,-0.370761956138335,0.194,0.317,1
"TLK1",0.379685144589175,-0.306735802566637,0.226,0.366,1
"ST8SIA4",0.38257834141853,-0.717388239039714,0.161,0.244,1
"PTBP3",0.38714930286862,-0.498256852383768,0.129,0.22,1
"MPHOSPH8",0.38714930286862,-0.661228076631344,0.129,0.22,1
"BCL2",0.387229460647483,-0.462683524994753,0.581,0.659,1
"TRRAP",0.390043954139643,-0.331369828834286,0.161,0.268,1
"TMEM156",0.391474869729644,-0.799037080393232,0.226,0.341,1
"CLEC16A",0.392015149058649,0.960335629841376,0.226,0.171,1
"IGHM",0.39436029773692,-0.319131268932818,0.161,0.268,1
"HNRNPA2B1",0.394367476003913,0.8668108615107,0.258,0.195,1
"NUTM2A-AS1",0.394367476003913,0.77868396232646,0.258,0.195,1
"AIM2",0.396526063547519,-0.286380179973206,0.129,0.22,1
"PCED1B",0.398719868240049,-0.307477996741853,0.161,0.268,1
"CHD9",0.399419891268089,-0.810238265005691,0.226,0.317,1
"PSPC1",0.399425970939075,0.388277092645225,0.323,0.244,1
"COBLL1",0.400970331863766,0.984690400001897,0.387,0.341,1
"HERC1",0.405398163602217,0.866645975632048,0.419,0.415,1
"QKI",0.40603860167081,-0.338684533826184,0.129,0.22,1
"SLC39A11",0.40603860167081,-0.420055549124059,0.129,0.22,1
"HMGB1",0.40603860167081,0.830675381780117,0.226,0.146,1
"EBF1",0.406784956985213,0.46017364647721,0.548,0.512,1
"CYTH1",0.40832825842817,-0.294887818513895,0.323,0.463,1
"FHIT",0.410740078545303,0.638217092132362,0.29,0.22,1
"VWA8",0.410837175390622,-0.378279805183089,0.129,0.22,1
"CLEC17A",0.415686109002416,-0.448035317222583,0.129,0.22,1
"MSN",0.415686109002416,-0.324791976115878,0.129,0.22,1
"PIK3C2A",0.416409510514915,0.953961547500767,0.258,0.195,1
"BCL11A",0.419870048178419,-0.262966343279556,0.226,0.317,1
"MAST4",0.425467687684477,-0.616938813227465,0.129,0.22,1
"WASHC4",0.427016238683926,1.15484440258821,0.258,0.22,1
"MLLT10",0.432335491330722,-0.434837566065061,0.194,0.293,1
"DENND1A",0.435382349758669,0.276226914099584,0.129,0.22,1
"BAZ2B",0.440381083463262,0.462444463697116,0.129,0.22,1
"CDK17",0.440928783223898,0.745676478785954,0.323,0.244,1
"AC007384.1",0.441882824610797,-0.596757075678392,0.161,0.244,1
"RAB11A",0.444356035968207,0.684146047936638,0.323,0.268,1
"MTSS1",0.4450260145773,0.516248555272667,0.419,0.366,1
"SDCCAG8",0.445420883693224,0.266204509545308,0.129,0.22,1
"LARGE1",0.445602317233907,0.994637758209516,0.29,0.22,1
"TM9SF3",0.448928258788633,0.860898260744378,0.226,0.171,1
"NCOA3",0.449410770928134,-0.662902782391499,0.419,0.488,1
"JMJD1C",0.457452319263828,0.553602067964609,0.452,0.415,1
"RHOQ",0.457888645978464,0.736384137580664,0.258,0.195,1
"HIPK2",0.457888645978464,0.941415898391204,0.258,0.195,1
"TRIM33",0.461144544245928,1.02375840802291,0.226,0.195,1
"JAK2",0.470944857492123,-0.657390582239406,0.161,0.244,1
"TBL1XR1",0.471395093455105,-0.466222699932613,0.226,0.317,1
"HNRNPH1",0.47268345977322,0.737882516474793,0.323,0.293,1
"RSRC1",0.472805580847113,1.32562390013328,0.258,0.22,1
"LRRFIP1",0.476987386140218,0.854191595391874,0.323,0.293,1
"ATXN1",0.478819848731191,0.541176589984947,0.323,0.268,1
"PPP2R2A",0.479056928619891,1.09030574106807,0.226,0.171,1
"USP9X",0.479056928619891,0.405353933528536,0.226,0.171,1
"UPF2",0.480509875469579,0.795289691560609,0.387,0.39,1
"EIF5B",0.482275921477205,1.14882452287519,0.258,0.22,1
"MGAT5",0.486845865932049,0.255613660708503,0.484,0.805,1
"TPK1",0.486910985856043,0.706912099742706,0.129,0.22,1
"GAB2",0.489339804414466,-0.711858643392391,0.161,0.22,1
"TRIM22",0.490885780265762,-0.280594411848672,0.161,0.244,1
"MBD5",0.4963961541084,-0.520712698438161,0.323,0.415,1
"CCNY",0.496769610997742,0.58013606552342,0.419,0.415,1
"ELMO1",0.496955828346536,0.504059370960303,0.484,0.561,1
"CEP85L",0.501023814907207,0.35039549891457,0.161,0.244,1
"FBXW11",0.502980819651275,0.93642382385686,0.129,0.22,1
"EPB41",0.504164934482451,0.507091705505327,0.387,0.341,1
"RAB1A",0.505697708084834,1.00352222151319,0.258,0.244,1
"TRPC4AP",0.510257120573796,0.60186026739755,0.226,0.171,1
"MDN1",0.511271728120746,-0.692425315650012,0.161,0.244,1
"BRWD1",0.51530766790455,1.60859660072479,0.258,0.244,1
"USP34",0.520085776587207,0.374564781560173,0.516,0.537,1
"CHD1",0.523876203401508,1.03151517627372,0.29,0.293,1
"GRK5",0.526215365975306,1.12014153657648,0.29,0.268,1
"SND1",0.529826655643516,0.297299267223134,0.387,0.341,1
"KANSL1",0.530102070650625,0.724623913269554,0.387,0.366,1
"NCOA1",0.531136481842142,0.893962342506045,0.258,0.22,1
"ZFAND3",0.532998929434157,0.523911527377135,0.548,0.634,1
"CUX1",0.534167251844429,0.542706444254713,0.387,0.341,1
"ASH1L",0.538089586828264,0.707121399412443,0.355,0.341,1
"TRA2A",0.540413880596983,0.777286327174047,0.29,0.268,1
"FAM214A",0.541841218039036,0.492427615601886,0.355,0.317,1
"CYLD",0.542488262444996,0.638543396625944,0.226,0.171,1
"ADAM17",0.542653267870364,-0.303873605626144,0.161,0.244,1
"FBXL17",0.545194120703038,0.926748137317188,0.29,0.268,1
"USP15",0.547223641277102,0.858866800723781,0.387,0.39,1
"NSD3",0.553331746342784,0.895181243648665,0.226,0.195,1
"CHD2",0.559521670137212,0.63056201011891,0.484,0.512,1
"INPP5A",0.563825718714042,0.732760450928739,0.323,0.317,1
"PIP4K2A",0.564034976704948,0.531291973750911,0.419,0.39,1
"SLC37A1",0.575703337311598,0.466643408049141,0.226,0.171,1
"UBR5",0.578536626209048,0.93335101080477,0.355,0.366,1
"ZCCHC7",0.580158158010232,0.39081676734565,0.516,0.488,1
"ARGLU1",0.58412633522086,-0.383235596232752,0.226,0.317,1
"ANK3",0.584924662489546,0.63404789477367,0.323,0.488,1
"SEPTIN2",0.585133351770858,0.750934003403954,0.194,0.293,1
"FARP2",0.585951503996185,0.420455619851226,0.161,0.244,1
"OSBPL3",0.585951503996185,0.924804683560231,0.161,0.244,1
"VPS13C",0.588510001988565,-0.463563050701429,0.452,0.537,1
"GPATCH8",0.594063942953117,0.352926319033708,0.226,0.317,1
"MED13L",0.595605805576491,0.33254521326481,0.419,0.366,1
"ITGA4",0.597013824328484,-0.347614560374234,0.29,0.366,1
"SAMSN1",0.597019676631546,0.409136280349077,0.226,0.195,1
"TBC1D1",0.603513116024766,0.381540218221003,0.258,0.22,1
"CLYBL",0.608181994296886,0.709933475098393,0.226,0.195,1
"GLCCI1",0.611517432882768,-0.554675573775822,0.194,0.244,1
"PPIG",0.614157590378374,0.60878667865439,0.29,0.268,1
"USP47",0.614210313303445,0.521557475640599,0.258,0.22,1
"KAT6A",0.615845538255266,0.386779347727567,0.419,0.415,1
"USP3",0.615845538255266,0.545891331579541,0.419,0.415,1
"REL",0.617008442829072,1.32418290452693,0.226,0.22,1
"FYN",0.620796682706745,0.921396061249362,0.323,0.317,1
"MRTFA",0.624984899633332,0.335166422853574,0.194,0.268,1
"PPP6R3",0.630535229577572,0.450315960685853,0.323,0.317,1
"GNAS",0.630775196404061,0.652158183790196,0.226,0.195,1
"RUNX1",0.632241997213685,0.561602322433715,0.452,0.415,1
"PHF21A",0.646774364992521,0.480444379308115,0.258,0.22,1
"HIVEP1",0.648271600445518,0.826610651749573,0.258,0.244,1
"LPP",0.650344147530065,0.663106309948707,0.452,0.561,1
"BTAF1",0.650396982269067,0.80035125846192,0.226,0.22,1
"ANKRD36C",0.653729988445787,0.529291514187295,0.226,0.195,1
"ANTXR2",0.656720716101746,0.331918382643565,0.161,0.22,1
"ATF7IP",0.65870556239732,0.682369675036984,0.29,0.39,1
"FAM107B",0.659514885795812,0.399615471093425,0.226,0.195,1
"FAM13B",0.660120116516513,0.576134895073899,0.323,0.317,1
"RABGAP1L",0.660395492931291,-0.262654385556759,0.613,0.732,1
"GRK3",0.667603643814546,-0.259120972277214,0.387,0.415,1
"ABI1",0.670581650520904,0.878138644424554,0.258,0.268,1
"TBC1D5",0.675100430476514,-0.268948549768359,0.484,0.659,1
"XYLT1",0.676150108339666,0.587474569196253,0.29,0.268,1
"NFATC2",0.677006684838454,0.473088960738382,0.226,0.195,1
"GSAP",0.680851328138923,0.413949396285952,0.258,0.244,1
"LRCH3",0.6812506256989,0.61454724683044,0.29,0.293,1
"ANKHD1",0.689219983242684,0.471509105595843,0.355,0.317,1
"RERE",0.692761859585051,0.508711689206746,0.452,0.537,1
"HIVEP2",0.701377242707354,0.25007960702277,0.323,0.293,1
"LSM14A",0.701800756429874,-0.294683011092948,0.194,0.244,1
"FUBP1",0.702918672934891,0.329099169629262,0.258,0.244,1
"NIPBL",0.70444566960453,0.653036603276171,0.355,0.39,1
"VPS13B",0.706267274377869,0.276291793671052,0.484,0.512,1
"CD47",0.707607680967003,0.835543601224968,0.226,0.22,1
"WNK1",0.713423168149546,-0.381222422136526,0.194,0.244,1
"SMG1",0.713918673878277,0.437512152808427,0.194,0.268,1
"RB1",0.718768240689811,0.468873058232049,0.226,0.317,1
"HERPUD1",0.719263696973186,0.684370728383104,0.226,0.22,1
"AKAP9",0.720871191210903,0.407261037837424,0.323,0.317,1
"FRYL",0.724828004402213,0.537962469720272,0.258,0.268,1
"FOXJ3",0.729583497379405,0.608600998268837,0.161,0.22,1
"PRAG1",0.729583497379405,0.538288242215613,0.161,0.22,1
"TRIP12",0.730985371925651,0.492268577552895,0.226,0.22,1
"DMXL1",0.731182773853375,0.305151047958834,0.258,0.366,1
"MEF2A",0.734899201397658,0.532269582018654,0.419,0.512,1
"PUM2",0.735855753925044,0.39152480804936,0.226,0.293,1
"UBAC2",0.735904223494512,0.470724352030214,0.355,0.366,1
"SP140",0.743328818260666,0.331963365875583,0.355,0.488,1
"PAN3",0.743328818260666,0.309781344232431,0.452,0.415,1
"DOCK10",0.750450319788509,-0.265197606236736,0.452,0.512,1
"PPP1R12A",0.758073225240146,0.485760028835199,0.226,0.293,1
"VPS13D",0.759986446566101,0.849350691407069,0.194,0.268,1
"SPG11",0.759986446566101,0.55087999120065,0.194,0.268,1
"SSBP2",0.766519043132855,0.419717544473747,0.226,0.22,1
"OSBPL8",0.766519043132855,0.862406088952962,0.226,0.22,1
"P2RX5",0.766519043132855,0.425276703292925,0.226,0.22,1
"RSF1",0.774987692340096,0.276455788858956,0.258,0.341,1
"NBAS",0.778477830953752,0.317624884468009,0.226,0.22,1
"CHD6",0.77960341669347,0.599701865708044,0.161,0.22,1
"TTC3",0.780489474631232,0.46517613008013,0.226,0.293,1
"UBR1",0.784470769116947,0.441388403971303,0.226,0.22,1
"MARCH6",0.790489306592824,0.448121884084336,0.226,0.22,1
"ZNF638",0.79352667850348,0.416448551308824,0.258,0.244,1
"MCOLN2",0.802550756076731,0.592003658695079,0.226,0.22,1
"SETD2",0.803095455114574,0.571683974388363,0.258,0.268,1
"SF1",0.804974766835819,0.601764092640543,0.161,0.22,1
"FER",0.810086698493373,-0.336251080052896,0.194,0.22,1
"AFF1",0.813864271656275,0.67535733152483,0.355,0.39,1
"NT5C2",0.814659429682797,0.624373005570561,0.226,0.22,1
"BACH1",0.816676760268833,0.279003780974832,0.258,0.244,1
"URI1",0.822490218244788,0.326705636937863,0.226,0.268,1
"ANKRD17",0.830423787787183,0.519577362499526,0.323,0.366,1
"CMSS1",0.83501636317774,0.454615890220771,0.194,0.22,1
"GGA2",0.837305469098618,0.410586951013113,0.258,0.268,1
"MTFR1",0.838864590533048,0.435283981421624,0.29,0.366,1
"LINC00926",0.842595930153093,0.506213279503269,0.226,0.244,1
"WSB1",0.842595930153093,0.879053114329414,0.226,0.244,1
"UST",0.842813051578382,0.420874596723961,0.258,0.317,1
"SUMF1",0.860288569461676,0.605148715544278,0.258,0.268,1
"KAT6B",0.863510225714903,0.599731310950673,0.226,0.22,1
"MAP4",0.866051909381559,-0.26810306935315,0.258,0.268,1
"LARP4B",0.876187177566552,0.436702797837628,0.258,0.317,1
"TUT4",0.876555438978209,0.443288338692853,0.355,0.415,1
"STT3B",0.888145169512261,0.328060999520736,0.226,0.22,1
"CMIP",0.891157194758066,0.888056953653647,0.258,0.293,1
"DLG1",0.898016367098703,0.308208047439797,0.194,0.22,1
"PCDH9",0.898016367098703,-0.310964612103952,0.194,0.22,1
"AC023424.3",0.902741074310283,0.752881017971523,0.226,0.244,1
"RBM39",0.9062880023992,0.365860142499055,0.323,0.415,1
"PACS1",0.910473727303935,0.344847917843782,0.419,0.463,1
"HERC4",0.910707153087314,0.306943859201431,0.194,0.22,1
"ATP11C",0.914848872312522,0.464376917551957,0.226,0.244,1
"PSME4",0.919088687356002,0.967976078568766,0.194,0.244,1
"DGKD",0.921020543374231,0.472362402963026,0.258,0.317,1
"MNAT1",0.923420760553889,0.705067040996207,0.194,0.22,1
"XRN1",0.924399241636006,0.26184385281875,0.29,0.366,1
"CHCHD3",0.926976461321244,0.879240704558466,0.226,0.244,1
"MDM4",0.932273923782755,0.297927024196964,0.258,0.317,1
"MAN2A1",0.934439692660962,0.378725156343772,0.226,0.268,1
"SNX14",0.936153961948355,0.345166253909085,0.194,0.22,1
"PDS5A",0.940388063339097,0.927969761706496,0.226,0.268,1
"BBX",0.94521624424331,0.261458197277051,0.419,0.463,1
"DHRSX",0.948903514681797,0.368259016857566,0.194,0.22,1
"EFR3A",0.952295118434788,0.257945119948022,0.226,0.268,1
"CLEC2D",0.952538151023427,0.598160051983916,0.323,0.39,1
"PPP4R3B",0.961666163603376,0.356974781507651,0.194,0.22,1
"NKTR",0.964211506666491,0.539223115187129,0.226,0.268,1
"SPPL3",0.964212003937588,0.416427907206168,0.226,0.268,1
"PLCL2",0.967969484517645,0.476019393679561,0.29,0.39,1
"BRAF",0.971273946809465,0.595873663983876,0.258,0.293,1
"SESN3",0.974438235815912,0.578996663287636,0.194,0.22,1
"RAB3GAP1",0.97443864349334,0.410499067638918,0.194,0.22,1
"LCOR",0.97443864349334,0.916963899596613,0.194,0.22,1
"PDS5B",0.97443864349334,0.447297745969065,0.194,0.22,1
"RAPGEF6",0.975628530486333,0.422584339361448,0.226,0.244,1
"ANKS1A",0.976136888983466,0.434973724081372,0.226,0.268,1
"ATP9B",0.978073535028366,0.448099504843326,0.29,0.341,1
"MYO9B",0.987812843661883,0.25581830168865,0.226,0.244,1
"HNRNPU",0.99443716493916,-0.389974254506116,0.323,0.293,1
"CCDC91",1,0.479381336528829,0.355,0.415,1
"RBM26",1,0.76808078485602,0.29,0.341,1
"DYM",1,0.736072767893946,0.226,0.268,1
